Abschnitt	Stelle	Metapher? 	Fokus	Rahmen	Stärkegrad (A, B, C)	Begründung
Beispiele						
	Bei Beobach-	x	das Horoskop stellen	einer Nation	B	Horoskop stellen - bezogen auf Nationen ist das ein Bruch (und eine interessante, nur durch Nachdenken zu 'reparierende' und damit in ihrem Witz verstehbare Vorstellung)
	"tung solchen moralischen Wertes kann man das Horoskop einer Nation am besten stellen."""					
						
	Die Zellen verschmelzen miteinander.	nein				Fachausdruck
						
	Diese wolle die bittere Auslese, ohne die auch dem	x	bittere	Auslese	A	"Unauffällig, aber doch metaphorisch: Dass eine Auslese ""bitter"" sein soll...? Schon ein Bruch, der aufmerken lässt. Soweit ich sehe, nichts EIngeführtes, also keine Floskel."
	Menschen kein Fortschritt möglich sei, einschränken.					
						
Ruppin 0-29						
	Wenn es dem Verfasser gelungen ist, ein gesichertes Fundament und	x	ein gesichertes Fundament und die ersten Pfeiler ... zu legen	für die Lösung 	B	Rahmen klar erkennbar
	die ersten Pfeiler für die Lösung der hier zur Bearbeitung gestellten Auf-					
	gabe zu legen, so ist seine Absicht erreicht; den vollendeten Bau wird	x	den vollendeten Bau ... errichten können 	eine spätere Generation	B	Steigerung zur ersten Metapher in diesem Satz
	nach seiner Überzeugung erst eine spätere Generation errichten können, wenn					
	die heutigen fragmentarischen und unfertigen Hypothesen über die Beziehungen					"""fragmentarischen ... Hypothesen"" zwar ein wenig auffällig, aber kein Rahmen zu finden -> keine Metapher"
	zwischen den anthropologischen Eigentümlichkeiten der Völker und ihrer ge-					
	schichtlichen Bedeutung zu wissenschaftlich gesicherten Ergebnissen geworden					
	sein werden.					
						
	In Californien ist ebenso die früher dort heimische weiße Ratte von der zu	nein				
	Schiffe eingeführten schwarzen Ratte völlig vertilgt worden. In den Ver-					"""vertilgt worden"" fällt zwar auf, aber klingt nicht besonders originell (könnte auch Floskel sein)"
	einigten Staaten vertrieb eine Schwalbenart gänzlich eine andere, und die					
	Vermehrung der sogen. Misteldrosseln in England hat die Abnahme der					
	Singdrosseln zur Folge gehabt.					
						
	Die Fragen, welche heute auf staatlichem und gesellschaftlichem Gebiete		sich Jahr-hunderte und Jahrtausende abgemüht haben	an denen 	B oder C	"Warum sollten sich Jahresangaben an der Beantwortung von Fragen ""abmühen""? Klingt schon sehr kreativ und damit ist gemeint, dass die Beantwortung schon sehr lange andauert. Zudem Steigerung: Hunderte, dann Tausende. -> Metapher"
	ihrer Beantwortung harren und in der folgenden Arbeit berührt werden,					"""ihrer Beantwortung harren ... berührt werden"" fällt zwar auf, klingt aber recht floskelhaft"
	sind größtenteils Fragen von grundlegender Bedeutung, an denen sich Jahr-	x				
	hunderte und Jahrtausende abgemüht haben.	x				
						
	So verlockend es nun mit-		aus dem reich aus-gestatteten Arsenale	der Volkswirtschaftspolitik	B	Kriegsbegriff im Kontext der VW-Politik
	unter gewesen wäre, diese Fragen mit den Mitteln aus dem reich aus-	x				
	gestatteten Arsenale der Volkswirtschaftspolitik zu beantworten und dadurch	x				
	der Arbeit überall einen befriedigenden Abschluß zu geben, so schien es doch					
	das richtigere, hiervon keinen oder nur ganz beschränkten Gebrauch zu					
	machen.					
						
	Man kann vielmehr in das Getriebe des gesell-	x	das Getriebe	des gesellschaftlichen Lebens	A	Grenzfall, da zwar schon auffällig (warum technischer Begriff im Kontext des gesellsch. Lebens, aber Getriebe von x wird bereits an anderer Stelle verwendet und erweckt hier den Eindruck, es sei nur floskelhafter Gebrauch
	schaftlichen Lebens nur dann mit der Leuchte der Wissenschaft hineinkommen,	x				"""Leuchte der..."" keine M., da Begriff oft verwendet wird, also nur Floskel"
	wenn man die teleologische, d. h. die Erscheinungen unter dem Gesichts-					
	punkte von Mittel und Zweck ordnende Betrachtungsweise zu Hilfe nimmt.					
						
	Nachdem wir bisher negativ feststellen mußten, inwiefern Naturwissen-	nein				
	schaft und Sozialwissenschaft keine Gemeinsamkeit miteinander haben, kommen					
	wir nun zu der Aufgabe zu zeigen, inwiefern sie doch ineinander greifen,					
	weil alle Wissenschaften sich schließlich in ihrem Ziele, der Förderung der					
	menschlichen Wohlfahrt, wie in einem Brennpunkte vereinigen.					"keine M., da Vergleich mit ""wie""!"
						
	Wohlfahrt hätte, wäre ein absurdum. Dies kommt uns nur deshalb nicht		Interessen ... lückenlos umspannen	heute fast die ganze Außenwelt	B	
	so leicht zum Bewußtsein, weil des Menschen Interessen heute fast die ganze	x				
	Außenwelt lückenlos umspannen und kaum noch ein Gebiet vorhanden ist,	x				
	das nicht zum Menschen in mittelbarer oder unmittelbarer Beziehung steht.					
						
	Die ganze Außenwelt gruppiert sich konzentrisch um den Menschen in der		das Licht	am intensivsten beleuchtet werden // immer zu schwächer wird und die entferntesten Gebiete beinah ganz im Dunkeln bleiben	B	"Fällt schon in diesem Kontext auf, aber ""Lichte seiner Vernunft wird oft gebraucht und lässt den Eindruck einer Metapher schwächen"
	Weise, daß diejenigen Gebiete, die zur menschlichen Wohlfahrt die engste					
	Beziehung haben, dem Menschen am nächsten stehen und vom Lichte seiner					
	Vernunft am intensivsten beleuchtet werden, während das Licht nach außen	x				
	zu immer schwächer wird und die entferntesten Gebiete beinah ganz im	x				
	Dunklen bleiben.	x				
						
	Der Mensch hat zwar theoretisch gelernt sich als einen	nein				
	Zweig wie tausend andere Zweige am Stamme der organischen Welt zu					"Vergleich mit ""wie""!"
	betrachten und sich eine verhältnismäßig bescheidene Rolle im Kosmos an-					
	zuweisen. Aber praktisch stellt er sich in den Mittelpunkt der Welt					
	und beurteilt und wertet alle Erscheinungen nur nach dem Nutzen, den					
	sie dem Menschen bringen.					
						
	Er leuchtet nur in diejenigen Erscheinungen	nein				Klingt an sich schon auffällig, aber es wird so oft etwas mit Licht in Kontext gebracht, dass es zum häufigen Floskelgebrauch scheinbar wird.
	mit dem Lichte seiner Vernunft hinein, von deren Kenntnis er Förderung					
	der menschlichen Wohlfahrt erwartet.					
						
	Eine Gesetz-	nein				
	gebung, welche die natürlichen Grundlagen mißachten, z. B. alle Staats-					
	angehörigen ohne Rücksicht auf Beanlagung, Alter und körperliche Konstitution					
	in genau der gleichen Weise behandeln würde, würde ihre Kräfte nutzlos					
	vergeuden und zu Grunde gehen.					
						
	Viel Streit hat sich über die Frage erhoben, durch welche Umstände	nein				
	sich der gesellig lebende Mensch aus der Tierheit aufgeschwungen und de					
	facto zum Herrscher über alle anderen Tiere gemacht hat.					"""de facto"""
						
	Das Gebiet	nein				
	positiven Wissens über den Gang der menschlichen Entwickelung beginnt					
	aber erst da, wo uns Ethnologie und Geschichte zur Seite stehen.					"""zur Seite stehen"" -> Floskel"
						
	Nur soweit ein Bedürfnis gebieterisch Befriedigung	nein				
	verlangt, existiert eine organisierte menschliche Tätigkeit und nur auf diesem					
	Gebiete existiert ein Fortschritt, eine geschichtliche Entwickelung.					
						
	Wem es eine Erklärung dünkt, diesen Trieb aus Nützlichkeits-	nein				
	gründen, etwa zum besseren Schutz gegen tierische und menschliche Feinde					
	oder zur besseren Beschaffung der Existenzmittel oder wie sonst immer zu					
	erklären, dem steht dies frei, weil hier alles Wissen aufhört und das Gebiet					"ist etwas auffällig, aber ""Gebiet"" is eine Floskel"
	der Vermutungen beginnt. Wir müssen uns an dieser Stelle damit be-					
	gnügen, das Vorhandensein dieses sozialen Triebes als gegeben hinzunehmen.					
						
	»Unter der ausschließlichen Herrschaft des Rechts	nein				
	des Stärkeren«, sagt Tylor3), würde ein Volksstamm in kurzer Zeit seiner					
	Auflösung entgegen gehen«. Es ergibt sich hieraus, daß ein Zusammenleben					
	in einer Gemeinschaft stets gewisse Regeln oder Gebräuche voraussetzt, kraft					
	deren den einzelnen Hordengenossen gewisse Schranken ihrer Tätigkeit gesetzt					häufiger Gebrauch, sehr floskelhaft
	werden.					
						
	Eine weitere Folge der	nein				"Bloße Bildhaftigkeit: metaphorischer Charakter von ""das Recht ... verwebt ... losgelöst ... entwunden ... zuviel"" wird durch dieses ""als"" genommen, bin mir aber unsicher"
	Entwickelung ist, daß das Recht, eine Zeit lang als göttliches Recht mit der					
	Religion verwebt, aus seinem Zusammenhang mit der Religion losgelöst, die					
	Rechtsprechung den Priestern entwunden wurde und weltlichen Organen zu-					
	fiel.					
						
	Die Folge ist, daß	nein				
	selbst diejenigen Staaten, die heute keine offenbar verschiedenen Nationalitäten					
	mehr beherbergen, aus der Zusammenschweißung zahlreicher Stämme verschiedener					Zusammenschweißung an anderer Stelle bereits verwendet, erweckt Eindruck von Floskelhaftigkeit
	Nationalität und oft sogar verschiedener Rasse hervorgegangen sind, die					
	erst allmählich durch das territoriale Zusammenleben und gegenseitige					
	Kreuzung das Gefühl ihrer ursprünglichen Verschiedenheit verloren haben.					
						
	Die Nationalitätenkämpfe des		erloschen ist	das Gefühl	A	ungeklärter Grenzfall
	19. Jahrhunderts (Polen in Preußen und Rußland, Ezechen in Östereich)					
	beweisen, daß das Gefühl, welches den Menschen in erster Linie zu den ihm	x				
	in Sitte, Sprache, körperlicher Organisation und Bedürfnissen möglichst ähn-					
	lichen Menschen hinzieht und ihn von dem anders gearteten Menschen zurück-					
	stößt, noch nicht erloschen ist.	x				
						
	Der Geist der alten Horde (gens) protestiert	nein				"""Geist ..."" -> Floskel"
	gegen das Territorialitätsprinzip des modernen Staates.					
						
	Sobald aber eine	nein				
	Erscheinung im gesellschaftlichen Leben selten ist, steht sie in Gefahr, von der					
	Sitte ganz ausgemerzt zu werden.					"""von der Sitte"" fällt zunächst auf, aber """"ausmerzen"" wird häufig verwendet in solchen Kontexten"
						
	Die Sitte approbiert nämlich immer nur	nein				Personifikation der Sitte
	die regelmäßig sich wiederholenden Erscheinungen und reprobiert die seltenen					
	- d. h. der Regel widersprechenden — Erscheinungen Aus diesem Grunde					
	sind die Ehen zwischen Personen, die sehr verschiedenen Alters sind, von					
	der Sitte gemißbilligt und allmählich verhindert worden.					
						
	Indem das Verhältnis durch die Sitte be-	nein				Personifikation der Sitte
	festigt wurde, entstand die Exogamie, d. h. der Gebrauch, daß die Frauen					
	nicht an Mitglieder ihres eigenen Stammes, die sich vielmehr ihre Frauen durch					
	eigene Kraft, insbesondere durch Raub von fremden Stämmen, zu beschaffen hatten,					
	sondern nur an Mitglieder fremder Stämme verheiratet werden durften.					
						
	In dieser Form finden		verpflanzt worden	Eheverbote	A	Grenzfall?
	wir Eheverbote bei den Römern und Juden, und sie sind dann von hier					
	aus besonders durch die christliche Kirche überallhin verpflanzt worden, so-	x				
	daß jetzt neben den Eheverboten für Angehörige verschiedener Generationen					
	(Eltern und Kinder, Oheim und Neffe, Tante und Nichte) auch Eheverbote					
	für Seitenverwandte bestehen, die derselben Generation angehören.					
						
	Als vierten Trieb möchten wir das Kausalitätsbedürfnis nennen, das		Werkstatt	der Natur	A oder B	
	den Menschen antreibt die Ursachen der Erscheinungen zu erforschen und ihn					
	befähigt hat, in die Werkstatt der Natur einzudringen.	x				
						
	Die Religion hat ihre größte		durchtränkt	das ganze gesellschaftliche Leben 	A	fällt schon als Verstärkung auf
	Macht auf den niedersten Kulturstufen, weil hier das ganze gesellschaftliche					
	Leben von der Religion durchtränkt ist.	x				
						
	Mühsam und Schritt	nein				
	für Schritt hat die Wissenschaft, deren Wiege in eben denselben alten Kultur-					Floskel
	reichen stand, die zuerst dem Fetischismus entgegentraten, der Religion den					
	Boden abringen müssen, und die Grenzen sind noch heute in fortwährendem					
	Flusse begriffen.					
						
	In demselben Moment, in dem die wissenschaftliche Er-	x	den Zauber der Dunkelheit	die wissenschaftliche Erkenntnis der Natur den Erscheinungen 	A	"""Dunkelheit"" wird oft verwendet, aber hier auffällig mit ""Zauber"" -> eher Grenzfall"
	kenntnis der Natur den Erscheinungen den Zauber der Dunkelheit nimmt	x				
	und sie uns auf natürliche Weise begreiflich macht, hört diese Erscheinung					
	auf, ein religiöses Objekt zu sein.					
						
	Die Religion hat in	x	viel Terrain verloren; die Eroberungen	die Religion hat in diesem Kampfe; der Wissenschaft	B; B	Kampf zwischen Religion und Wissenschaft
	diesem Kampfe viel Terrain verloren, aber es scheint, als ob die Eroberungen	x				
	der Wissenschaft noch nicht abgeschlossen sind.	x				
						
30-59	Ohne solche Regeln würde	nein				
	die Gesellschaft immer wieder in Atome zersplittern oder die Einzelnen					
	wurden, selbst wenn sie örtlich zusammenblieben, doch jeder für sich isoliert					
	sein und mit den anderen in keinerlei Beziehungen stehen - ein Zustand,					
	der eben zwar ein räumliches, aber kein gesellschaftliches Zusammenleben					
	von Menschen sein würde.					
						
	Aber noch ist die Zeit nicht gekommen, zu verlangen, daß	nein				
	nunmehr die nationalstaatlichen Schranken überhaupt eingerissen werden müßten.					Rahmen kann nicht definiert werden, kein Kontextbruch zu erkennen (ist aber dennoch auffällig)
	Die Nationen sind noch Realitäten, und die Verschiedenheit ihrer Bedürfnisse					
	und ihres Rechtsgefühls, sowie die Abneigung und Fremdheit der Angehörigen					
	verschiedener Nationen ist auch eine Realität.					
						
	Es ist kein Zufall, daß alle Versuche, ein Weltreich zu gründen und	nein				
	verschiedene Nationen zusammenzuschweißen, gescheitert sind.					"Wiederholung ""zusammenschweißen von Nationen"" -> floskelhafter Gebrauch"
						
	Die zahlreichen Streitfragen des Tages, die meist ganz abgetrennt von	nein				
	dem Zusammenhange mit dem Ganzen des sozialen Lebens behandelt werden					
	und deshalb durch Anknüpfung an einzelne Schlagwörter kritisiert werden					
	müssen, gewinnen erst ihre richtige Beleuchtung, wenn sie zu dem Ziele der					Wiederholung von Licht, Beleuchtung -> häufiger Floskelgebrauch 
	sozialen Tätigkeit, der Förderung des gesellschaftlichen Zusammenlebens, in					
	Beziehung gesetzt werden.					
						
	Nietzsche hegt einen brennenden Haß gegen den Staat, d. h. den Träger	nein				"""brennender Haß"" nur besonders ausgedrückt, aber kein krasser Bruch erkennbar"
	der rechtlichen Zwangsgewalt, in dem er den Beschützer und Züchter aller					
	mittelmäßigen und den Vernichter und Feind aller großen, genialen Indi-					
	viduen erblickt.					
						
	Angriffe gegen den Staat sind schließlich auch von denjenigen erhoben	nein				
	worden, welche das im modernen Staat gipfelnde Gesellschaftsleben für ein					nur besonders ausgedrückt, aber kein krasser Kontextbruch erkennbar
	der Menschheit verderbliches Kunstprodukt halten und demgegenüber die					
	Rückkehr zur Natur fordern — ein Gedanke, der bekanntlich in Rousseau					
	seinen glänzendsten Vertreter hatte.					
						
	Will die Gesellschaft die natürliche Auslese befördern,		in den Dienst ... spannen	keines anderen Zieles	B oder C	
	so muß sie auch ihr alleiniges Ziel, die Vernichtung der schwachen Indi-					
	viduen, befördern wollen, weil die natürliche Auslese nur dieses einzige Ziel	x				
	hat und sich in den Dienst keines anderen Zieles spannen läßt.	x				
						
	Wir sind hiermit insoweit ganz einverstanden, als		ausjätet	alles unzweckmäßige	A	"hier wieder wie ""ausmerzen"" dieses ausjäten, was unsicher macht, andererseits schon metaphorisch, weil Gartenausdruck"
	wir zugeben, daß die organischen Gebilde durch die Macht der natürlichen					
	Auslese, welche alles unzweckmäßige ausjätet, sicherlich so zweckmäßig als	x				
	möglich organisiert sind.					
						
	Nun liegt der Einwand nahe, daß die Bedingungen unserer Existenz					
	auf diese Weise immer komplizierter und künstlicher werden und die Gefahr					
	nahe bringen, daß die Nichtachtung der in der Natur herrschenden Gesetze					
	der natürlichen Auslese und der natürlichen Anpassung sich eines Tages					
	nicht mehr durch künstliche Mittel neutralisieren läßt und das ganze künst-	?				"Was ist konkret mit diesem ""künstlichen Gebäude"" gemeint? "
	liche Gebäude in sich zusammenstürzt.	?				
						
	Die Menschheit		die Fundamente	ihres stolzen sozialen Baues	B	
	hat durch die hochentwickelte Technik und ihre kunstvolle soziale Organisation					
	ihre Abhängigkeit von der Natur bedeutend verringert; sie schwebt aber dafür					
	auch in der den Tieren unbekannten Gefahr auf Klippen, genannt Ver-					"mit ""genannt"" ein direkter Vergleich -> ""Klippen"" sind demnach keine Metapher"
	letzung der biologischen Gesetze, zu stoßen und dadurch die Fundamente	x				
	ihres stolzen sozialen Baues zu unterminieren.	x				
						
	Steigt man aber aus der Welt des Gedankens in die Welt der Wirklichkeit		blasse Schemen	alle Ziele und Ideale	A	eher Grenzfall
	hinab, so ergibt sich sofort, daß Gesellschaft und Staat Blut und Leben nur					
	erhalten durch die in ihnen lebenden Menschen, daß diese Menschen die					
	Träger alles Fortschritts sind und alle Ziele und Ideale blasse Schemen	x				
	bleiben, wenn sie nicht dem Wesen dieser Menschen, ihren Trieben und					
	ihrer Fassungsgabe, kurz ihren physischen und psychischen Eigenschaften an-					
	gepaßt sind.					
						
	Aber zwischen dem Punkte, wo uns das Mikroskop bei		klafft eine weite Lücke 	Vermutungen über Vermutungen, Theorieen über Theorieen auszufüllen versucht worden ist	B	
	der Verfolgung des Befruchtungsvorganges im Stiche läßt — und es läßt					"""im Stich lassen"" -> floskelhafter und häufiger Gebrauch"
	uns, da es uns nur über den äußeren Vorgang der Kopulation zweier					
	Keimzellen Ausschluß zu geben vermag, sehr bald im Stich — und dem					
	Punkte, wo die Eigenschaften der Eltern am neuen Individuum hervortreten					
	und uns die Wirkung der Vererbung zeigen, klafft eine weite Lücke, die im	x				
	Laufe der letzten Jahrzehnte mit Vermutungen über Vermutungen, Theorieen	x				
	über Theorieen auszufüllen versucht worden ist.	x				
						
	Sicherlich ist durch die		Zickzackwege	der Forschung		Also dass die Forschung im zickzack gegangen ist und sich oft nicht eindeutig sicher war mit ihren Ergebnissen 
	vereinigte Arbeit vieler Forscher bedeutendes zur Aufklärung dieses geheimnis-					
	vollen und reizvollen Problems geschehen; daß wir aber heute bereits vor					
	einer gesicherten Lösung desselben stehen, wird niemand zu behaupten					
	wagen, der die Zickzackwege der Forschung auf diesem Gebiete in letzter Zeit	x				
	verfolgt hat.					
						
	Man sieht, daß wir auch durch diese weitgehende Aufhellung des Be-	nein				Hier wieder dieser häufige Gebrauch mit Licht, beleuchtung, Aufhellung
	fruchtungsvorganges der Lösung des eigentlichen Vererbungsproblems nur					
	unbedeutend näher gerückt sind.					
						
	»Diese gemmules«, sagt Darwin2), »sammeln	nein				
	sich aus allen Teilen des Körpers, um die Geschlechtsstoffe« (sc. Keimzellen)					
	»zusammenzusetzen und ihre Entwicklung in der nächsten Generation bildet ein					
	neues Wesen; aber sie sind gleicherweise auch fähig, in einem schlummernden					"""schlummernd"" fällt zunächt auf, wird aber häufig verwendet -> Anschein einer Floskel"
	Zustande an künftige Generationen überliefert und dann erst entwickelt zu					
	werden.					
						
	Hierdurch wird nämlich zwar nicht die	nein 				
	Struktur (oder Architektur) der Keimzelle, wohl aber ihre Lebensenergie					
	beeinflußt, und da das Maß dieser Lebensenergie dann wieder bei der					
	Verschmelzung der väterlichen und mütterlichen Keimzelle für die Frage von					
	Einfluß ist, welche von beiden dem neuen Individuum in höherem Maße					
	ihren Stempel aufdrückt, so kommt auch manchen äußeren Umständen					"""Stempeln aufdrücken"" klingt schon besonders, wird aber immer wieder verwendet und erweckt dadurch den Eindruck einer Floskel"
	(nämlich denen, welche wie z. B. Syphilis, Alkoholismus eine erhebliche					
	Störung im ganzen Organismus und eine Ernährungsstörung der Keim-					
	zellen zur Folge haben) indirekt ein Einfluß auf die Vererbung zu.					
						
S. 60-89						
	Vielleicht ist auch ein Teil der Totge-		auf das Konto	eines solchen Anlasses	B oder C	Warum soll ein Anlass ein Konto besitzen? -> Metapher!
	burten auf das Konto eines solchen Anlasses zu schreiben.	x				
						
	»Es ist nun noch daran zu er-					
	innern, daß vermöge der Gesetze der Vererbung und der Amphimixis (d. i.		fast unerschöpfliche Muster-karte	für die natürliche Auslese	B oder C	
	der Verschmelzung der väterlichen und mütterlichen Keimzelle bei der ge-					
	schlechtlichen Fortpflanzung) in jedem Kinde der nämlichen Eltern wieder					
	neue Kombinationen entstehen und dadurch eine fast unerschöpfliche Muster-	x				
	karte für die natürliche Auslese dargeboten wird.	x				
						
	Da nun bei der Verschmelzung beider Keimzellen gewisser-	nein				
	maßen ein Kampf vor sich geht, bei dem je nach dem Maße der Lebens-					
	energie bald die väterliche, bald die mütterliche Keimzelle stärker ist, so					
	kommen in dem Kinde dann hauptsächlich die Eigenschaften der stärkeren					
	Zelle zum Vorschein.					"""zum Vorschein kommen"" sehr floskelhaft"
						
	Nicht diejenigen geistigen Eigenschaften sind vererblich, die sich der	nein				
	Einzelne im Laufe seines Lebens, dem Drucke äußerer Umstände gehorchend,					
	ohne Rücksicht auf seine natürliche Beanlagung angeeignet hat, sondern nur					
	diejenigen, zu deren Erwerbung er kraft der in ihm schlummernden Anlagen					"Wiederholung von diesem ""schlummernd"""
	prädestiniert war.					
						
	Alle diese Erscheinungen, in denen pseudoverwandtschaftliche Verhält-	nein				
	nisse wie die Fälle echter physiologischer Verwandtschaft behandelt werden,					
	sind ein klassisches Beispiel dafür, wie eine Sitte oft über ihr ursprüng-					"Vergleich mit ""wie""!"
	liches Gebiet hinausgreift und auch Verhältnisse in ihren Kreis zieht, die					
	mit ihrem ursprünglichen Geltungsgebiete nur durch grobe Analogieen in					
	Zusammenhang zu bringen sind.					
						
	Die jüdischen	nein				
	Talmudgelehrten begnügten sich nicht damit, die Beobachtung der ausge-					
	dehnten Speisegesetze und sonstigen Ritualien zu fordern sondern bemühten					
	sich durch immer weitere Ausdehnung jener Ge- und Verbote »einen Zaun					
	um das Gesetz zu machen«, d. h. selbst solche Handlungen zu gebieten oder					
	zu verbieten, welche nicht eigentlich unter jene Gesetze fielen, aber mit den					
	dort gebotenen oder verbotenen irgend welche entfernte Ähnlichkeit hatten.					
						
	Wie	nein				
	jede Gewohnheit, die ursprünglich nur als Tatsache geübt wird, das Be-					
	streben hat, sich zur Sitte zu verdichten, so ist auch hier aus einem »Ist«					"Vergleich mit ""wie""!"
	ein »Soll«, aus einem aus Zweckmäßigkeitsgründen geübten Brauch eine					
	sittliche Regel geworden, die sich von Geschlecht zu Geschlecht fortgeerbt hat.					
						
	So wäre es denn nicht die Tatsache der Bluts-		einen geeigneten Boden 	in einer mangelhaften Konstitution	B	
	verwandtschaft an sich, welche für die Nachkommenschaft eine ungünstige					
	Prognose bietet, sondern die Blutsverwandtschaft wird erst schädlich, wenn					
	sie in einer mangelhaften Konstitution des Vaters und der Mutter einen	x				
	geeigneten Boden findet.	x				
						
	Auch auf sie trifft zu,		unfruchtbar angelegtes Nationalvermögen	ein Stück	A	Oder nur besonders ausgedrückt? Sehr grenzfällig
	daß ihre Nachkommenschaft dem Staate Lasten auferlegt, die durch Gegen-					
	leistungen gar nicht oder nicht genügend ausgeglichen werden, da die Nach-					
	kommen entweder schon in jungen Jahren sterben und in den Kosten ihrer					
	Verpflegung und Erziehung ein Stück unfruchtbar angelegtes Nationalvermögen	x				
	mit in’s Grab nehmen oder, selbst wenn sie in’s reifere Alter gelangen, doch					"""mit in's Grab nehmen"" verbreitete Floskel"
	infolge ihrer Kränklichkeit dem Staate meist weder wirtschaftlich noch sonst					
	(durch Militärdienst oder Erzeugung gesunder Nachkommen) von Nutzen sind.					
						
	Wenn man die zahllosen Schwierigkeiten	nein				
	bedenkt, welche die Durchführung solcher staatlichen Eheverbote im Gefolge					
	hätte und weiterhin die vielen von dem Einzelnen als schreiendes Unrecht					"Vergleich mit ""als""!"
	verspürten Eingriffe, welche selbst die gerechteste und fachgemäßeste Ausübung					
	der gesetzlichen Vorschriften auf diesem Gebiete mit sich brächte, so wird					
	man wohl zur Erkenntnis gelangen müssen, daß das Gebiet der ehelichen					
	Verbindung ein zu subtiles und zu inviduell verschiedenes ist, als daß es					
	mit Erfolg zum Gegenstand staatlicher Regelung gemacht werden könne.					
						
	Wenn man die zahllosen Schwierigkeiten	nein				
	bedenkt, welche die Durchführung solcher staatlichen Eheverbote im Gefolge					
	hätte und weiterhin die vielen von dem Einzelnen als schreiendes Unrecht					
	verspürten Eingriffe, welche selbst die gerechteste und fachgemäßeste Ausübung					
	der gesetzlichen Vorschriften auf diesem Gebiete mit sich brächte, so wird					
	man wohl zur Erkenntnis gelangen müssen, daß das Gebiet der ehelichen					
	Verbindung ein zu subtiles und zu inviduell verschiedenes ist, als daß es					
	mit Erfolg zum Gegenstand staatlicher Regelung gemacht werden könne.					
						
	Die Statistik ist in der Lage	nein				
	dieses schlagend zu beleuchten.					wiederholter Gebrauch von beleuchten -> Floskel
						
90-119						
	Schon in der ersten Schrift dieser Art, der 1516		der Keim der Zwietracht	in die Ehe 	A	Grenzfall, ob noch leichte Metapher (da Rahmen definierbar) oder doch nur Floskel, da gängiger Begriff?
	erschienenen Schrift »De optimo reipublicae statu deque nova insula					
	Utopia« des Thomas Morus wird verlangt, daß vor der Vermählung					
	die Nupturienten sich einer Prüfung unterziehen, welche sich auf ihren körper-					
	lichen Bau und ihre Schönheit erstreckt, und ferner ist vorgeschrieben, daß					
	vor der Hochzeit Braut und Bräutigam einander in Gegenwart ehrbarer					
	alter Matronen unbekleidet gegenüber gestellt werden, damit sie ihren					
	Körperbau und etwaige verborgene körperliche Mängel nicht erst in der Ehe					
	bemerken und in die Ehe dadurch der Keim der Zwietracht gelegt wird.	x				
						
	Es muß dem Einzelnen	nein				
	durch die Staatsinstitutionen täglich aufs neue klar werden, daß sein Ge-					
	deihen vom Staate in bestmöglicher und vernünftiger Weise gefördert wird					
	und vom Gedeihen des Staates abhängt.					
						
	Selbst wenn wir einmal annehmen, dies	nein				
	sei der Fall, so hat dafür die gesetzliche Regelung auch Nachteile im Gefolge,					
	welche bei dem von uns empfohlenen Wege vermieden werden.					
						
	Gesetzliche	nein				
	Vorschriften haben erstens immer die Tendenz, die Tatsachen mehr nach					
	ihrer äußerlichen Seite zu fassen und Verhältnisse von sehr ungleichartiger					
	innerer Beschaffenheit über denselben Kamm zu scheeren.					Floskel
						
	Sie [die Anpassung] kann auf geringfügige Änderungen der	nein				
	natürlichen Lebensbedingungen mit korrespondierenden kleinen Änderungen					
	der Organisation antworten; aber sie versagt bei größeren Änderungen und					
	tritt die Herrschaft dann gänzlich an die natürliche Auslese ab.					"""tritt die Herrschaft ab"" klingt zwar auffällig, aber wohl eher Floskel"
						
	In dem Moment, wo sperma und ovum im Uterus der Mutter zu einer		feinere Ausarbeitung ind Ziselierung	und was noch weiter geschieht	A	
	Zelle verschmelzen, ist »die Statue gegossen,« sagt Hegar1), »und was					Vergleich
	noch weiter geschieht, ist nur eine feinere Ausarbeitung und Ziselierung.	x				
						
	»Beim Menschen scheint das Kind gar nichts mitzubringen,	nein				
	sondern alles erst zu lernen; in der Tat aber bringt es alles oder doch					
	unendlich viel mehr mit als das fix und fertig aus dem Ei kriechende Tier,					
	aber es bringt alles in unreifem Zustande mit, weil des zu Entwickelnden					
	bei ihm so viel ist, daß es in den 9 Monaten des Embryolebens nur erst					
	im Keime vorgebildet sein kann.					
						
	So geht nun das Reisen der Disposi-	nein				
	tionen bei fortschreitender Ausbildung des Säuglingsgehirns mit dem Lernen,					
	d. h. mit dem Nachmeißeln dieser Dispositionen durch Übung Hand in Hand					Floskel
	und erzielt dadurch ein weit reicheres und saubereres Endresultat als die					
	bloße Vererbung bei den Tieren vermag« 2).					
						
	Kommt der Mensch mit ganz	nein				
	bestimmten Bildungsanlagen und -trieben zur Welt, so muß die Erziehung					
	sich der Schranken bewußt bleiben, welche ihr hierdurch gesetzt sind.					Floskel
						
	Man kann auf diese Weise eine	nein				
	böse Anlage, z. B. die Neigung zur Grausamkeit, nie eigentlich ganz er-					
	töten und aus der Psyche des Kindes ausmerzen; sie bleibt stets darin,					"wiederholter Gebrauch von ""ausmerzen"""
	aber sie wird unschädlich, weil sich als Frucht guter Erziehung im Kinde					"Vergleich mit ""als""!"
	jetzt bei jeder aufsteigenden Neigung zu einer grausamen Handlung durch					
	Gedankenassoziation zugleich abmahnend ein ganzer Komplex von Vorstellungen					
	erhebt, welche jenen Wunsch als schlecht, als verachtenswert, als von bösen					
	Folgen begleitet erscheinen und ihn deshalb nicht zur Tat werden lassen.					
						
	Es ist nicht immer nötig, daß dieser der	nein				
	schlechten Neigung entgegenstehende Vorstellungskomplex durch Erziehung					
	und Erzieher bewußt hervorgebracht wird ; das Kind saugt diese Vorstel-					"Wiederholung des Gebrauchs von ""saugen""-> Floskel"
	lungen, sobald es sich in einer dazu Anlaß gebenden Umgebung befindet, von					
	selbst ein, es erzieht sich in einem guten Milieu durch Nachahmung und					
	Gewöhnung gewissermaßen allein.					
						
	Solange jene Neigung nicht	nein				
	zur alles verzehrenden Leidenschaft geworden ist und die gleichzeitig ge-					
	weckten Vorstellungen stark genug sind, werden sie in vielen Fällen die					
	Neigung, falls sie schlecht ist, besiegen und die schlechte Tat unausgeführt					
	lassen.					
						
	Die Schulen sind aber für	nein				
	diese Masse, nicht für das einsame Genie, das sich übrigens seinen Weg auch					
	ohne Schule und gegen die Schule bricht.					
						
	Wenn man		vollgepropft	den Regierenden genehmen Anschauungen	A oder B	
	etwa befürchtet, daß dann in den Schulen schon die Kinder mit gewissen					
	den Regierenden genehmen Anschauungen vollgepfropft würden, so ist zu	x				
	sagen, daß Mißbrauch mit jeder noch so vernünftigen Maßregel getrieben					
	werden kann.					
						
	Was wir meinen, ist nur	nein				
	dies, daß die Kindererziehung sich in das ganze soziale Getriebe organisch					"wiederholter Gebrauch von ""Getriebe"" -> eher floskelhaft"
	einfügen muß und daß sie, wenn sie dies tut, keinen anderen Zweck haben					
	kann als die Kinder so auszubilden, daß sie nachher - jeder zu seinem					
	Teile — zur Förderung der Zwecke des Staates empfänglich und ge-					
	eignet sind.					
						
	Er muß damit rechnen, daß die einzelnen Volksgenossen bereits	nein				
	mit vielen festgewurzelten Vorstellungen erfüllt sind, die sich nicht einfach					Floskel
	ignorieren lassen, sondern sich als sogenannte Tradition (dieses Wort nicht					
	im engeren Sinne als mündliche Überlieferung, sondern im weiteren Sinne					
	als die gesamte nichtphysiologische Überkommenschaft unserer Vorfahren ge-					
	nommen) der Aufnahme neuer andersartiger Vorstellungen als ein mächtiges					"Vergleich mit ""als""!"
	Hindernis entgegenstellen.					
						
	Stehen wir durch die Vererbung körperlich in	nein				
	einem Zusammenhange mit den Vorfahren, die in den vielen Jahrtausenden					
	vor uns lebten, so haben wir in der Tradition deren geistige Hinterlassen-					
	schaft; und wie wir uns körperlich nicht von unseren Ahnen emancipieren					
	können, so leben und weben wir in ihrer geistigen Hinterlassenschaft als					"Vergleich mit ""als""!"
	einem unverrückbaren Medium.					
						
	Das intelligenteste	nein				
	Europäerkind wird unter einem Stamm von Wilden nie auch nur entfernt					
	das Wissen und die Erfahrung eines gebildeten Europäers erreichen, weil					
	ihm das Medium fehlt, aus dem es dieses Wissen und diese Erfahrung					
	saugen könnte.					"Wiederholung ""saugen"" -> Floskel"
						
	Keine von ihnen ist die Errungenschaft einer ein-		auf den Schultern; ihr Scherflein ... beigetragen hat	der früheren steht; zum heutigen Stand	A oder B; B	oder Grenzfall?; 
	zigen Generation, vielmehr sind sie alle das gemeinsame Produkt vieler					
	Generationen, von denen die eine immer auf den Schultern der früheren	x				
	steht und von denen jede ihr Scherflein zu dem heutigen Stande beigetragen	x				
	hat.					
						
	Unsere größten Erfinder holten ihre Erfindungen nicht vom Himmel	nein				
	herab wie in der Sage Prometheus das Feuer, sondern ihre Erfindungen					
	bildeten allemal nur die Fortsetzung einer langen Reihe von Entdeckungen,					
	die in ununterbrochener Kette bis in das Dunkel der entferntesten Zeiten					hier wiederholter Gebrauch von Dunkeln
	zurückreichen.					
						
	Dies ist jedoch ein Miß-		durch die Schranken des Herkommens gefesselt	das Leben ... nach allen Richtungen hin	B	
	verständnis, da das Leben unzivilisierter Völker nach allen Richtungen hin	x				
	durch die Schranken des Herkommens gefesselt ist.«	x				
						
	Aber die Gestalten und Bilder, welche	x	gefallen sind;ihrem leisen Zuge	die Gestalten und Bilder	A; B oder C	"""gefallen"" fällt leicht auf, ist aber auch nicht so besonders kreativ;"
	einmal in seine Seele gefallen sind, arbeiten doch unablässig, ihn zu leiten,	x				
	oft hat er sich gegen ihre Herrschaft zu wehren, in tausend Fällen folgt er	x				
	fröhlich ihrem leisen Zuge.	x				
						
	Die	nein				
	Sollvorschrift bildet dann gewissermaßen die Hülle oder Schale, die sich un-					Vergleich
	verändert erhält, während der Kern grundlegende Veränderungen erfahren					
	hat.					
						
	Überall machen sich starke Bestrebungen geltend, die überkommenen Sitten		nagenden 	Vernunft	A oder B	"fällt schon auf, warum sollte eine Vernunft ""nagend"" sein? Andererseits auch nicht besonders stark metaphorisch"
	und Gebräuche gegenüber der nagenden Vernunft aufrecht zu erhalten.	x				
						
	Oft		Schatten	der Vergangenheit	B	
	genug ist derjenige, der sich in der Jugend einst knirschend gegen die Macht					
	des Hergebrachten aufbäumte, gar nicht genug über diese Vergewaltigung					
	durch die Schatten der Vergangenheit klagen konnte, mit gereifterer Lebens-	x				
	anschauung froh gewesen, daß die Wirklichkeit seinem Ansturme Stand hielt					
	und ihn in ihre Geleise zwang.					
						
	Wie aber wäre dies möglich, da wir bis zur letzten Zelle	nein				
	unseres körperlich-geistigen Baues geschichtliche Wesen sind?					
						
	Würde die Vergangenheit sich nicht wie ein Schwergewicht an uns hängen	nein				"Vergleich mit ""wie""!"
	und als Ballast unserem sozialen Leben einen ruhigen Gang verleihen, so					
	würde dieses von Extrem zu Extrem schwanken und jedes Staatswesen wäre					
	ein Spielball in der Hand waghalsiger Experimentatoren.					"""Spielball"" -> Floskel!"
						
	Die Vorschriften der Sitte (von denen die Vorschriften der Etiquette,		fortpflanzen	durch mündliche Überlieferung	A	oder auch nur Grenzfall, da nicht besonders kreativ
	des gesellschaftlichen Anstandes als eine Unterabteilung aufzufassen und da-					
	durch charakterisiert sind, daß ihre Geltung auf kleinere gesellschaftliche Kreise,					
	die sich durch Beruf, Besitz, Stand oder Bildung verwandt fühlen, beschränkt					
	ist) unterliegen einer solchen durchgreifenden Revision durch die Vernunft					
	nicht, da sie sich lediglich durch mündliche Überlieferung fortpflanzen.	x				
						
	Wer plötz-	nein				
	lich mit der Forderung aufträte, es dürfe kein Tropfen eines geistigen Ge-					
	tränks mehr getrunken werden, weil der Alkoholgenuß schädlich sei, und die					
	augenblickliche Durchführung dieser Forderung erstrebte, wäre ein kompleter					
	Narr.					
						
	»Wir können den Lauf der Zeit nicht da-	nein				
	durch beschleunigen, daß wir unsere Uhren vorstellen: ein Zukunftsgesetz,					
	und wenn es die genialste Lösung der sozialen Fragen enthielte, es fände					
	kein Land, wo es fußen, und kein Volksverständnis, in dem es wurzeln					fällt zwar auf, aber Fuß fassen und wurzeln sind doch recht floskelhaft
	könnte«, sagt Endemann1).					
						
	Er [der Gesetzgeber] ist, um ein Wort von Karl Marx, allerdings in anderem		der Geburtshelfer; schwanger geht	des Gesellschaftslebens; mit neuen sozialen Erscheinungen	B oder C; B oder C	
	Sinne, zu gebrauchen, der Geburtshelfer des Gesellschaftslebens, das mit	X				
	neuen sozialen Erscheinungen schwanger geht.	X				
						
	Die Vernunft einzelner Menschen kann vorher	nein				
	nicht genau ermessen, wie jene Änderung, die in das Triebwerk des sozialen					"wie ""Getriebe"" -> floskelhaft"
	Lebens eingreift und bis in die entferntesten Erscheinungen desselben ihren					
	Einfluß geltend macht, wirken wird.					
						
	Ein neues Gesetz ist immer mehr oder weniger ein Sprung ins	nein				"Vergleich ""X ist Y"""
	dunkle.					
						
	Der beste Gesetzgeber ist deshalb derjenige, der sein Ziel stufen-		tote Buchstaben	seine gesetzgeberischen Maßnahmen	B	
	mäßig durch möglichst geringe Abänderungen der jeweilig geltenden recht-					
	lichen Regelung erreicht, weil er auf diese Weise einmal sein Volk vor					
	gefährlichen Experimenten bewahrt, immer in der Lage ist, den theoretisch					
	beabsichtigten Erfolg eines Gesetzes in der Praxis nachzuprüfen und anderer-					
	seits sicher ist, daß seine gesetzgeberischen Maßnahmen im Rechtsbewußtsein	x				
	des Volkes Anknüpfungspunkte finden und nicht tote Buchstaben bleiben.	x				
						
	Denn das Leben, sagt Endemann3), muß erst »die Rechtsgedanken verar-	nein				
	beiten, die als Keime in die Paragraphen eingeschlossen sind, damit die					"Vergleich mit ""als""!"
	Gesetzesbuchstaben lebendig werden.«					
						
	Ein Kurzsichtiger sieht mit Brille oder Fernrohr ebenso viel und mehr wie	nein				
	das beste unbewaffnete Auge und der schwächste Mensch kann mit Hilfe					
						
S. 120-149						
	Wenn also einzelne Soziologen	x	kein Gedeck an dem großen Gastmahl	der Natur	C	
	in der hohen Kindersterblichkeit in Deutschland befriedigt das Walten der					"""Walten"" -> Floskel!"
	natürlichen Auslese erblicken, wenn ein Autor (Otto Zacharias) in deut-					
	lichem Anklange an die 1. Auflage von Robert Malthus’ Hauptwerk den					
	Satz aufstellt, »daß die enorme Kindersterblichkeit der großen Städte die					
	Pforte sei, durch welche alle diejenigen jungen Leben, für welche kein Ge-					
	deck an dem großen Gastmahl der Natur aufgelegt ist, sich wieder entfernen					
	müssen«, so ist das eine völlige Verkennung der Tatsachen.					
						
	Unerkannt sitzt die geschlechtliche Zuchtwahl aber auch am Webstuhl	x	Webstuhl	der Geschichte	C	
	der Geschichte.					
						
	Ob nicht auch hier die individuelle Geschlechtsliebe	x	der Kompaß ... zusammenführt ... fernhält	welcher die zu einander, d. h. zur Erzeugung normal gebildeter Kinder passenden Personen	B oder C	
	der Kompaß ist, welcher die zu einander, d. h. zur Erzeugung normal					
	gebildeter Kinder passenden Personen zusammenführt und die nicht zusammen-					
	passenden von einander fernhält?					
						
	Freilich scheint uns auch hier wie zur Erreichung so vieler anderer	nein				
	wünschenswerter Ziele ein hohes und tief ins Herz des Volkes einge-					Würde Herz des Volkes nicht so als Metapher ansehen 
	grabenes Staatsideal die Voraussetzung dafür zu sein, daß sich der ein-					
	zelne im Interesse der Gesamtheit und der zukünftigen Volksgeneration					
	Beschränkungen auferlegt.					
						
	Nur	nein				
	auf diese Weise wird ins Herz des Volkes selbst ein Motiv gepflanzt, das					"hier wieder dieses ""einpflanzen""... -> Grenzfall"
	gewaltig wirkend den einzelnen im Banne hält und ihm die Entsagung					Würde Herz des Volkes nicht so als Metapher ansehen 
	dort leicht macht, wo sie durch kleinliche Zwangsmaßregeln überhaupt nie					
	zu erreichen sein würde.					
						
	Die Zeitungen	x	das Vergrößerungsglas	ihres Parteiinteresses	B oder C	
	sehen alle Dinge durch das Vergrößerungsglas ihres Parteiinteresses und					
	des Bestrebens, dem Leser für ihre Mitteilungen ein möglichst großes					
	Interesse einzuflößen.					
						
	Die ohnehin schon sehr dürftige wirtschaftliche Existenz des Arbeiters	nein				
	hing also fortwährend an einem dünnen Faden, da außer jenen Krisen auch					"""an einem dünnen Faden hängen"" -> Floskel!"
	noch die im Beginn der kapitalistischen Ära sehr häufige Erfindung und					
	und Einführung arbeitsparender Maschinen den Arbeiter ständig mit Ent-					
	lassung bedrohte.					
						
	Als Schüler der Hegelschen Philosophie hatten	nein				
	sie vor der Wirklichkeit, vor dem historisch Gewordenen, einen viel höheren					
	Respekt als ihre vom Rationalismus der Aufklärungsperiode durchtränkten					"wiederholter Gebrauch von ""durchtränkt"" erweckt Floskelhaftigkeit"
	sozialistischen Vorgänger.					
						
	»Eine Gesellschaftsformation	x	ausgebrütet 	im Schoß der alten Gesellschaft	A oder B	"klingt schon auffällig, aber sehr grenzfällig, da ""Schoß der X"" eher floskelhaft"
	geht nie unter«, sagt Marx1), »bevor alle Produktivkräfte entwickelt sind,					
	für die sie weit genug ist, und neue höhere Produktionsverhältnisse treten					
	nie an die Stelle, bevor die materiellen Existenzbedingungen derselben im					
	Schoß der alten Gesellschaft selbst ausgebrütet worden sind.«					
						
	Und da diese sozialen	nein				
	Erscheinungen das Medium sind, in dem das Individuum lebt und aus dem					
	es seine Erfahrungen saugt, so wird in letzter Linie auch das individuelle					"häufige Verwendung von ""saugen"" -> floskelhaft"
	Geistesleben von den Produktionsverhältnissen bestimmt.					
						
	Man kann mit dem Marx’schen Gedankengange eine ganze Strecke	nein				Floskelhaft
	weit mitgehen.					
						
	Es ist richtig, daß die Wirtschaftsweise eines Volkes seinem	nein				
	ganzen sozialen Leben ihren Stempel aufdrückt, aber einerseits ist diese Er-					"""Stempel aufdrücken"" -> Floskel"
	kenntnis in der materialistischen Geschichtsauffassung auf Kosten anderer					
	Faktoren, die im gesellschaftlichen Leben mitwirken, überspannt, zum anderen					
	gibt die methodische Durchführung jener Erkenntnis zu Bedenken Anlaß.					
						
S. 150-175						
	Zwar besteht	nein				
	heut innerhalb jeder Schicht ein hoher Grad von Beweglichkeit, und viel					
	Beweglichkeit auch zwischen den Schichten, aber die gesellschaftlichen Schranken					häufiger Gebrauch -> floskelhaft
	werden noch aufrecht erhalten.					
						
	Die Menschheit macht mit der Realisierung der sozialistischen Forderung	nein				
	noch lange nicht den »Sprung aus dem Reiche der Notwendigkeit in das					
	Reich der Freiheit«2); sie spinnt den Faden ihres Schicksals nicht schon					
	selbst, wenn sie für ihre leiblichen Bedürfnisse besser sorgen kann.					
						
	Sobald aber die Forderung	x	mystischen Schimmers entkleidet	die Forderung (der Vergesellschaftung der Produktionsmittel)	A oder B 	
	der Vergesellschaftung der Produktionsmittel ihres mystischen Schimmers					
	entkleidet und als ein rechtlicher Reformvorschlag wie andere Reformvorschläge					
	angesehen werden wird, wird sie von sozialdemokratischer Seite selbst auch					
	unbefangener und nüchterner betrachtet werden.					
