Abschnitt	Stelle	Metapher? 	Fokus	Rahmen	Stärkegrad (Á, B, C)	Begründung
Beispiele						
	Bei Beobach-	x	das Horoskop stellen	einer Nation	B	Horoskop stellen - bezogen auf Nationen ist das ein Bruch (und eine interessante, nur durch Nachdenken zu 'reparierende' und damit in ihrem Witz verstehbare Vorstellung)
	"tung solchen moralischen Wertes kann man das Horoskop einer Nation am besten stellen."""					
						
	Die Zellen verschmelzen miteinander.	nein				Fachausdruck
						
	Diese wolle die bittere Auslese, ohne die auch dem	x	bittere	Auslese	A	"Unauffällig, aber doch metaphorisch: Dass eine Auslese ""bitter"" sein soll...? Schon ein Bruch, der aufmerken lässt. Soweit ich sehe, nichts EIngeführtes, also keine Floskel."
	Menschen kein Fortschritt möglich sei, einschränken.					
						
Ruppin 0-29						
	Wenn es dem Verfasser gelungen ist, ein gesichertes Fundament und	x	ein gesichertes Fundament und die ersten Pfeiler zu legen/den vollendeten Bau errichten	die Lösung der hier zur Bearbeitung gestellten Aufgabe	A	Bruch, Fokus nicht ohne Bedeutungsverlust ersetzbar, nah an Floskel, doch durch den detailreichen Ausbau (Pfeiler) metaphorisch
	die ersten Pfeiler für die Lösung der hier zur Bearbeitung gestellten Auf-					
	gabe zu legen, so ist seine Absicht erreicht; den vollendeten Bau wird					
	nach seiner Überzeugung erst eine spätere Generation errichten können, wenn					
	die heutigen fragmentarischen und unfertigen Hypothesen über die Beziehungen					
	zwischen den anthropologischen Eigentümlichkeiten der Völker und ihrer ge-					
	schichtlichen Bedeutung zu wissenschaftlich gesicherten Ergebnissen geworden					
	sein werden.					
						
	In Californien ist ebenso die früher dort heimische weiße Ratte von der zu	nein				kein Bruch, nur auffälliger Ausdruck, keine Bedeutungserweiterung, ersetzbar
	Schiffe eingeführten schwarzen Ratte völlig vertilgt worden. In den Ver-					
	einigten Staaten vertrieb eine Schwalbenart gänzlich eine andere, und die					
	Vermehrung der sogen. Misteldrosseln in England hat die Abnahme der					
	Singdrosseln zur Folge gehabt.					
						
	Die Fragen, welche heute auf staatlichem und gesellschaftlichem Gebiete	nein				übliche Ausdrucksweise, kein Bruch etc.
	ihrer Beantwortung harren und in der folgenden Arbeit berührt werden,					
	sind größtenteils Fragen von grundlegender Bedeutung, an denen sich Jahr-					
	hunderte und Jahrtausende abgemüht haben.					
						
	So verlockend es nun mit-	nein				vermutlich damals übliche Floskel
	unter gewesen wäre, diese Fragen mit den Mitteln aus dem reich aus-					
	gestatteten Arsenale der Volkswirtschaftspolitik zu beantworten und dadurch					
	der Arbeit überall einen befriedigenden Abschluß zu geben, so schien es doch					
	das richtigere, hiervon keinen oder nur ganz beschränkten Gebrauch zu					
	machen.					
						
	Man kann vielmehr in das Getriebe des gesell-	x	Leuchte der Wissenschaft	in das Getriebe des gesellschaftlichen Lebens	B	Bruch, semantische Erweiterung, nicht ersetzbar, das Leben als Getriebe tendenziell floskelhaft, stützt aber das Bild der Leuchte und damit die Metaphorizität der Stelle
	schaftlichen Lebens nur dann mit der Leuchte der Wissenschaft hineinkommen,					
	wenn man die teleologische, d. h. die Erscheinungen unter dem Gesichts-					
	punkte von Mittel und Zweck ordnende Betrachtungsweise zu Hilfe nimmt.					
						
	Nachdem wir bisher negativ feststellen mußten, inwiefern Naturwissen-	nein				eindeutiger Vergleich, zwar unterstützt durch das Ineinandergreifen, dies aber üblicher Ausdruck
	schaft und Sozialwissenschaft keine Gemeinsamkeit miteinander haben, kommen					
	wir nun zu der Aufgabe zu zeigen, inwiefern sie doch ineinander greifen,					
	weil alle Wissenschaften sich schließlich in ihrem Ziele, der Förderung der					
	menschlichen Wohlfahrt, wie in einem Brennpunkte vereinigen.					
						
	Wohlfahrt hätte, wäre ein absurdum. Dies kommt uns nur deshalb nicht	x	fast die ganze Außenwelt lückenlos umspannen	des Menschen Interessen	B	Irritation, unersetzlich, Bedeutungserweiterung, eine Welt lässt sich eigentlich nicht umspannen
	so leicht zum Bewußtsein, weil des Menschen Interessen heute fast die ganze					
	Außenwelt lückenlos umspannen und kaum noch ein Gebiet vorhanden ist,					
	das nicht zum Menschen in mittelbarer oder unmittelbarer Beziehung steht.					
						
	Die ganze Außenwelt gruppiert sich konzentrisch um den Menschen in der	x	Lichte	seiner Vernunft	B	Bruch, semantische Erweiterung, unersetzlich, im Satzende nochmal pointiert
	Weise, daß diejenigen Gebiete, die zur menschlichen Wohlfahrt die engste					
	Beziehung haben, dem Menschen am nächsten stehen und vom Lichte seiner					
	Vernunft am intensivsten beleuchtet werden, während das Licht nach außen					
	zu immer schwächer wird und die entferntesten Gebiete beinah ganz im					
	Dunklen bleiben.					
						
	Der Mensch hat zwar theoretisch gelernt sich als einen	x	der organischen Welt	Zweige am Stamme	B	Metapher in einem Vergleich, vom Bild des Baumes zum abstrakten Ausdruck der organischen Welt erzeugt einen Bruch und erweitert das Bild, 
	Zweig wie tausend andere Zweige am Stamme der organischen Welt zu					
	betrachten und sich eine verhältnismäßig bescheidene Rolle im Kosmos an-					
	zuweisen. Aber praktisch stellt er sich in den Mittelpunkt der Welt					
	und beurteilt und wertet alle Erscheinungen nur nach dem Nutzen, den					
	sie dem Menschen bringen.					
						
	Er leuchtet nur in diejenigen Erscheinungen	x	Lichte	seiner Vernunft	A	Bruch, semantische Erweiterung, unersetzlich, aber überraschende Wiederholung der vorvorigen Metapher
	mit dem Lichte seiner Vernunft hinein, von deren Kenntnis er Förderung					
	der menschlichen Wohlfahrt erwartet.					
						
	Eine Gesetz-	nein				nur merkwürdige Ausdrucksweise, austauschbar
	gebung, welche die natürlichen Grundlagen mißachten, z. B. alle Staats-					
	angehörigen ohne Rücksicht auf Beanlagung, Alter und körperliche Konstitution					
	in genau der gleichen Weise behandeln würde, würde ihre Kräfte nutzlos					
	vergeuden und zu Grunde gehen.					
						
	Viel Streit hat sich über die Frage erhoben, durch welche Umstände	nein				ersetzbar, kein Bruch etc.
	sich der gesellig lebende Mensch aus der Tierheit aufgeschwungen und de					
	facto zum Herrscher über alle anderen Tiere gemacht hat.					
						
	Das Gebiet	nein				floskelhafte Ausdrucksweise, bildlich verstärkt, aber ohne Bruch
	positiven Wissens über den Gang der menschlichen Entwickelung beginnt					
	aber erst da, wo uns Ethnologie und Geschichte zur Seite stehen.					
						
	Nur soweit ein Bedürfnis gebieterisch Befriedigung	nein				Personifikation, kein Bruch etc., andere Formulierungen verlustfrei möglich
	verlangt, existiert eine organisierte menschliche Tätigkeit und nur auf diesem					
	Gebiete existiert ein Fortschritt, eine geschichtliche Entwickelung.					
						
	Wem es eine Erklärung dünkt, diesen Trieb aus Nützlichkeits-	nein				leichte Bedeutungserweiterung, aber kein Bruch, verlustfrei umschreibbar
	gründen, etwa zum besseren Schutz gegen tierische und menschliche Feinde					
	oder zur besseren Beschaffung der Existenzmittel oder wie sonst immer zu					
	erklären, dem steht dies frei, weil hier alles Wissen aufhört und das Gebiet					
	der Vermutungen beginnt. Wir müssen uns an dieser Stelle damit be-					
	gnügen, das Vorhandensein dieses sozialen Triebes als gegeben hinzunehmen.					
						
	»Unter der ausschließlichen Herrschaft des Rechts	nein				merkwürdige Ausdrucksweise, aber kein Bruch oder Semantikgewinn
	des Stärkeren«, sagt Tylor3), würde ein Volksstamm in kurzer Zeit seiner					
	Auflösung entgegen gehen«. Es ergibt sich hieraus, daß ein Zusammenleben					
	in einer Gemeinschaft stets gewisse Regeln oder Gebräuche voraussetzt, kraft					
	deren den einzelnen Hordengenossen gewisse Schranken ihrer Tätigkeit gesetzt					
	werden.					
						
	Eine weitere Folge der	nein				Floskel
	Entwickelung ist, daß das Recht, eine Zeit lang als göttliches Recht mit der					
	Religion verwebt, aus seinem Zusammenhang mit der Religion losgelöst, die					
	Rechtsprechung den Priestern entwunden wurde und weltlichen Organen zu-					
	fiel.					
						
	Die Folge ist, daß	nein				Floskel
	selbst diejenigen Staaten, die heute keine offenbar verschiedenen Nationalitäten					
	mehr beherbergen, aus der Zusammenschweißung zahlreicher Stämme verschiedener					
	Nationalität und oft sogar verschiedener Rasse hervorgegangen sind, die					
	erst allmählich durch das territoriale Zusammenleben und gegenseitige					
	Kreuzung das Gefühl ihrer ursprünglichen Verschiedenheit verloren haben.					
						
	Die Nationalitätenkämpfe des	nein				Floskel
	19. Jahrhunderts (Polen in Preußen und Rußland, Ezechen in Östereich)					
	beweisen, daß das Gefühl, welches den Menschen in erster Linie zu den ihm					
	in Sitte, Sprache, körperlicher Organisation und Bedürfnissen möglichst ähn-					
	lichen Menschen hinzieht und ihn von dem anders gearteten Menschen zurück-					
	stößt, noch nicht erloschen ist.					
						
	Der Geist der alten Horde (gens) protestiert	nein				Personifikation, kein Bruch, umschreibbar
	gegen das Territorialitätsprinzip des modernen Staates.					
						
	Sobald aber eine	nein				Ausdruck ist ersetzbar, kein Bruch etc.
	Erscheinung im gesellschaftlichen Leben selten ist, steht sie in Gefahr, von der					
	Sitte ganz ausgemerzt zu werden.					
						
	Die Sitte approbiert nämlich immer nur	nein				übliche Ausdrucksweise, kein Bruch etc.
	die regelmäßig sich wiederholenden Erscheinungen und reprobiert die seltenen					
	- d. h. der Regel widersprechenden — Erscheinungen Aus diesem Grunde					
	sind die Ehen zwischen Personen, die sehr verschiedenen Alters sind, von					
	der Sitte gemißbilligt und allmählich verhindert worden.					
						
	Indem das Verhältnis durch die Sitte be-	nein				Das ist wörtlich gemeint, nicht metaphorisch.
	festigt wurde, entstand die Exogamie, d. h. der Gebrauch, daß die Frauen					
	nicht an Mitglieder ihres eigenen Stammes, die sich vielmehr ihre Frauen durch					
	eigene Kraft, insbesondere durch Raub von fremden Stämmen, zu beschaffen hatten,					
	sondern nur an Mitglieder fremder Stämme verheiratet werden durften.					
						
	In dieser Form finden	x	verpflanzt worden	Eheverbote	A	ein Verbot zu verpflanzen erzeugt einen Bruch und reichert die Semantik an, daher nicht zu ersetzen
	wir Eheverbote bei den Römern und Juden, und sie sind dann von hier					
	aus besonders durch die christliche Kirche überallhin verpflanzt worden, so-					
	daß jetzt neben den Eheverboten für Angehörige verschiedener Generationen					
	(Eltern und Kinder, Oheim und Neffe, Tante und Nichte) auch Eheverbote					
	für Seitenverwandte bestehen, die derselben Generation angehören.					
						
	Als vierten Trieb möchten wir das Kausalitätsbedürfnis nennen, das	x	Werkstatt	der Natur	B	Bruch, Bedeutungserweiterung, nicht austauschbar
	den Menschen antreibt die Ursachen der Erscheinungen zu erforschen und ihn					
	befähigt hat, in die Werkstatt der Natur einzudringen.					
						
	Die Religion hat ihre größte	x	von der Religion durchtränkt ist	das ganze gesellschaftliche Leben	B	bildlicher Ausdruck, der aber einen Bruch erzeugt und die Semantik anreichert, nicht austauschbar
	Macht auf den niedersten Kulturstufen, weil hier das ganze gesellschaftliche					
	Leben von der Religion durchtränkt ist.					
						
	Mühsam und Schritt	nein				Floskel
	für Schritt hat die Wissenschaft, deren Wiege in eben denselben alten Kultur-					
	reichen stand, die zuerst dem Fetischismus entgegentraten, der Religion den					
	Boden abringen müssen, und die Grenzen sind noch heute in fortwährendem					
	Flusse begriffen.					
						
	In demselben Moment, in dem die wissenschaftliche Er-	nein				nur blumiger Ausdruck
	kenntnis der Natur den Erscheinungen den Zauber der Dunkelheit nimmt					
	und sie uns auf natürliche Weise begreiflich macht, hört diese Erscheinung					
	auf, ein religiöses Objekt zu sein.					
						
	Die Religion hat in	nein				Floskel
	diesem Kampfe viel Terrain verloren, aber es scheint, als ob die Eroberungen					
	der Wissenschaft noch nicht abgeschlossen sind.					
						
30-59	Ohne solche Regeln würde	x	in Atome zersplittern	die Gesellschaft	B	Bruch, vom Sprachgebrauch abweichend, Semantik anreichernd, pointiert
	die Gesellschaft immer wieder in Atome zersplittern oder die Einzelnen					
	wurden, selbst wenn sie örtlich zusammenblieben, doch jeder für sich isoliert					
	sein und mit den anderen in keinerlei Beziehungen stehen - ein Zustand,					
	der eben zwar ein räumliches, aber kein gesellschaftliches Zusammenleben					
	von Menschen sein würde.					
						
	Aber noch ist die Zeit nicht gekommen, zu verlangen, daß	nein				bildlicher Ausdruck, kein Bruch etc.
	nunmehr die nationalstaatlichen Schranken überhaupt eingerissen werden müßten.					
	Die Nationen sind noch Realitäten, und die Verschiedenheit ihrer Bedürfnisse					
	und ihres Rechtsgefühls, sowie die Abneigung und Fremdheit der Angehörigen					
	verschiedener Nationen ist auch eine Realität.					
						
	Es ist kein Zufall, daß alle Versuche, ein Weltreich zu gründen und	nein				Floskel
	verschiedene Nationen zusammenzuschweißen, gescheitert sind.					
						
	Die zahlreichen Streitfragen des Tages, die meist ganz abgetrennt von	nein				alter, ungewöhnlicher Ausdruck, vielleicht sogar Floskel
	dem Zusammenhange mit dem Ganzen des sozialen Lebens behandelt werden					
	und deshalb durch Anknüpfung an einzelne Schlagwörter kritisiert werden					
	müssen, gewinnen erst ihre richtige Beleuchtung, wenn sie zu dem Ziele der					
	sozialen Tätigkeit, der Förderung des gesellschaftlichen Zusammenlebens, in					
	Beziehung gesetzt werden.					
						
	Nietzsche hegt einen brennenden Haß gegen den Staat, d. h. den Träger	x	brennenden	Haß	A	leichter Bruch, vom Sprachgebrauch abweichend, Semantik anreichernd, pointiert (Floskel?)
	der rechtlichen Zwangsgewalt, in dem er den Beschützer und Züchter aller					
	mittelmäßigen und den Vernichter und Feind aller großen, genialen Indi-					
	viduen erblickt.					
						
	Angriffe gegen den Staat sind schließlich auch von denjenigen erhoben	nein				kein Bruch, bildlicher Ausdruck, Floskel
	worden, welche das im modernen Staat gipfelnde Gesellschaftsleben für ein					
	der Menschheit verderbliches Kunstprodukt halten und demgegenüber die					
	Rückkehr zur Natur fordern — ein Gedanke, der bekanntlich in Rousseau					
	seinen glänzendsten Vertreter hatte.					
						
	Will die Gesellschaft die natürliche Auslese befördern,	x	in den Dienst spannen läßt	keines anderen Zieles	B	Bruch, Erweiterung der Semantik, unersetzlich
	so muß sie auch ihr alleiniges Ziel, die Vernichtung der schwachen Indi-					
	viduen, befördern wollen, weil die natürliche Auslese nur dieses einzige Ziel					
	hat und sich in den Dienst keines anderen Zieles spannen läßt.					
						
	Wir sind hiermit insoweit ganz einverstanden, als	x	ausjätet	die natürliche Auslese	A	Steigerung und Pointierung durch Semantikanreicherung, ungewöhnlicher Sprachgebrauch, Bruch etc.
	wir zugeben, daß die organischen Gebilde durch die Macht der natürlichen					
	Auslese, welche alles unzweckmäßige ausjätet, sicherlich so zweckmäßig als					
	möglich organisiert sind.					
						
	Nun liegt der Einwand nahe, daß die Bedingungen unserer Existenz	x	das ganze künstliche Gebäude in sich zusammenstürzt	unserer Existenz	B	Steigerung und Pointierung durch Semantikanreicherung, Bruch, nicht ersetzbar
	auf diese Weise immer komplizierter und künstlicher werden und die Gefahr					
	nahe bringen, daß die Nichtachtung der in der Natur herrschenden Gesetze					
	der natürlichen Auslese und der natürlichen Anpassung sich eines Tages					
	nicht mehr durch künstliche Mittel neutralisieren läßt und das ganze künst-					
	liche Gebäude in sich zusammenstürzt.					
						
	Die Menschheit	x	auf Klippen zu stoßen	Verletzung der biologischen Gesetze	B	Irritation, Bedeutungserweiterung, nicht austauschbar, Pointierung, ergänzt durch metaphorische Floskel
	hat durch die hochentwickelte Technik und ihre kunstvolle soziale Organisation					
	ihre Abhängigkeit von der Natur bedeutend verringert; sie schwebt aber dafür					
	auch in der den Tieren unbekannten Gefahr auf Klippen, genannt Ver-					
	letzung der biologischen Gesetze, zu stoßen und dadurch die Fundamente					
	ihres stolzen sozialen Baues zu unterminieren.					
						
	Steigt man aber aus der Welt des Gedankens in die Welt der Wirklichkeit	nein				merkwürdige Ausdrucksweise, aber kein Bruch etc.
	hinab, so ergibt sich sofort, daß Gesellschaft und Staat Blut und Leben nur					
	erhalten durch die in ihnen lebenden Menschen, daß diese Menschen die					
	Träger alles Fortschritts sind und alle Ziele und Ideale blasse Schemen					
	bleiben, wenn sie nicht dem Wesen dieser Menschen, ihren Trieben und					
	ihrer Fassungsgabe, kurz ihren physischen und psychischen Eigenschaften an-					
	gepaßt sind.					
						
	Aber zwischen dem Punkte, wo uns das Mikroskop bei	nein				nur bildlicher Ausdruck
	der Verfolgung des Befruchtungsvorganges im Stiche läßt — und es läßt					
	uns, da es uns nur über den äußeren Vorgang der Kopulation zweier					
	Keimzellen Ausschluß zu geben vermag, sehr bald im Stich — und dem					
	Punkte, wo die Eigenschaften der Eltern am neuen Individuum hervortreten					
	und uns die Wirkung der Vererbung zeigen, klafft eine weite Lücke, die im					
	Laufe der letzten Jahrzehnte mit Vermutungen über Vermutungen, Theorieen					
	über Theorieen auszufüllen versucht worden ist.					
						
	Sicherlich ist durch die	nein				Floskel
	vereinigte Arbeit vieler Forscher bedeutendes zur Aufklärung dieses geheimnis-					
	vollen und reizvollen Problems geschehen; daß wir aber heute bereits vor					
	einer gesicherten Lösung desselben stehen, wird niemand zu behaupten					
	wagen, der die Zickzackwege der Forschung auf diesem Gebiete in letzter Zeit					
	verfolgt hat.					
						
	Man sieht, daß wir auch durch diese weitgehende Aufhellung des Be-	nein				Floskel, alter Ausdruck
	fruchtungsvorganges der Lösung des eigentlichen Vererbungsproblems nur					
	unbedeutend näher gerückt sind.					
						
	»Diese gemmules«, sagt Darwin2), »sammeln	x	schlummernd	Zustande	A	leichter Bruch, Bedeutungsanreicherung, sprachlich eigentlich nicht korrekt, Ersetzung durch schlafend würde den grundsätzlichen Bruch beibehalten, da die zeitweilige  Inaktivität gemeint ist und hier pointiert werden soll
	sich aus allen Teilen des Körpers, um die Geschlechtsstoffe« (sc. Keimzellen)					
	»zusammenzusetzen und ihre Entwicklung in der nächsten Generation bildet ein					
	neues Wesen; aber sie sind gleicherweise auch fähig, in einem schlummernden					
	Zustande an künftige Generationen überliefert und dann erst entwickelt zu					
	werden.					
						
	Hierdurch wird nämlich zwar nicht die	nein				Floskel, problemlos durch prägen oder dergleichen ersetzbar
	Struktur (oder Architektur) der Keimzelle, wohl aber ihre Lebensenergie					
	beeinflußt, und da das Maß dieser Lebensenergie dann wieder bei der					
	Verschmelzung der väterlichen und mütterlichen Keimzelle für die Frage von					
	Einfluß ist, welche von beiden dem neuen Individuum in höherem Maße					
	ihren Stempel aufdrückt, so kommt auch manchen äußeren Umständen					
	(nämlich denen, welche wie z. B. Syphilis, Alkoholismus eine erhebliche					
	Störung im ganzen Organismus und eine Ernährungsstörung der Keim-					
	zellen zur Folge haben) indirekt ein Einfluß auf die Vererbung zu.					
						
						
S. 60-89						
	Vielleicht ist auch ein Teil der Totge-	nein				kein richtiger Bruch, Konto allgemeiner Ausdruck, der so verwendet werden kannverlustfrei ersetzbar
	burten auf das Konto eines solchen Anlasses zu schreiben.					
						
	»Es ist nun noch daran zu er-	x	eine fast unerschöpfliche Musterkarte	für die natürliche Auslese	B	"Bruch, Verweisung auf andere Semantik, nicht austauschbar, zudem unrealistische Steigerung und Übertreibung durch ""unerschöpflich"""
	innern, daß vermöge der Gesetze der Vererbung und der Amphimixis (d. i.					
	der Verschmelzung der väterlichen und mütterlichen Keimzelle bei der ge-					
	schlechtlichen Fortpflanzung) in jedem Kinde der nämlichen Eltern wieder					
	neue Kombinationen entstehen und dadurch eine fast unerschöpfliche Muster-					
	karte für die natürliche Auslese dargeboten wird.					
						
	Da nun bei der Verschmelzung beider Keimzellen gewisser-	nein				"durch das ""gewissermaßen"" wird eine Art Vergelich eingeleitet und die Irritation dadurch genommen; Verschmelzung ist hier ein Fachausdruck"
	maßen ein Kampf vor sich geht, bei dem je nach dem Maße der Lebens-					
	energie bald die väterliche, bald die mütterliche Keimzelle stärker ist, so					
	kommen in dem Kinde dann hauptsächlich die Eigenschaften der stärkeren					
	Zelle zum Vorschein.					
						
	Nicht diejenigen geistigen Eigenschaften sind vererblich, die sich der	x	schlummernde	Anlagen	A	leichter Bruch undBedeutungsanreicherung, sprachlich nicht ganz korrekt, Ersetzung durch schlafend würde den grundsätzlichen Bruch beibehalten, da die zeitweilige  Inaktivität gemeint ist und hier pointiert werden soll
	Einzelne im Laufe seines Lebens, dem Drucke äußerer Umstände gehorchend,					
	ohne Rücksicht auf seine natürliche Beanlagung angeeignet hat, sondern nur					
	diejenigen, zu deren Erwerbung er kraft der in ihm schlummernden Anlagen					
	prädestiniert war.					
						
	Alle diese Erscheinungen, in denen pseudoverwandtschaftliche Verhält-	x	über ihr ursprüngliches Gebiet hinausgreift und auch Verhältnisse in ihren Kreis zieht	eine Sitte	A	leichter Bruch durch die Zuschreibung territorialer Semantik, die durch Umformulierung verlorenginge, die Macht der Sitte soll wohl so pointiert werden
	nisse wie die Fälle echter physiologischer Verwandtschaft behandelt werden,					
	sind ein klassisches Beispiel dafür, wie eine Sitte oft über ihr ursprüng-					
	liches Gebiet hinausgreift und auch Verhältnisse in ihren Kreis zieht, die					
	mit ihrem ursprünglichen Geltungsgebiete nur durch grobe Analogieen in					
	Zusammenhang zu bringen sind.					
						
	Die jüdischen	nein				die Anführunsgzeichen deuten auf eine Art Fachausdruck hin, bzw. auf die Übernahme der Formulierung des Talmud
	Talmudgelehrten begnügten sich nicht damit, die Beobachtung der ausge-					
	dehnten Speisegesetze und sonstigen Ritualien zu fordern sondern bemühten					
	sich durch immer weitere Ausdehnung jener Ge- und Verbote »einen Zaun					
	um das Gesetz zu machen«, d. h. selbst solche Handlungen zu gebieten oder					
	zu verbieten, welche nicht eigentlich unter jene Gesetze fielen, aber mit den					
	dort gebotenen oder verbotenen irgend welche entfernte Ähnlichkeit hatten.					
						
	Wie	nein				die Verdichtung mag ein ungewöhnlicher Ausdruck sein, scheint mir hier aber nicht unersetzlich
	jede Gewohnheit, die ursprünglich nur als Tatsache geübt wird, das Be-					
	streben hat, sich zur Sitte zu verdichten, so ist auch hier aus einem »Ist«					
	ein »Soll«, aus einem aus Zweckmäßigkeitsgründen geübten Brauch eine					
	sittliche Regel geworden, die sich von Geschlecht zu Geschlecht fortgeerbt hat.					
						
	So wäre es denn nicht die Tatsache der Bluts-	x	einen geeigneten Boden findet	die Blutsverwandschaft	A	Floskelverdacht, der Nährboden für alles mögliche ist ein häufiges Bild, es irritiert daher auch in diesem Zusammenhang nur gering, verweist zwar auf Agrarthematik, deren Bedeutung aber wohl verzichtbar wäre
	verwandtschaft an sich, welche für die Nachkommenschaft eine ungünstige					
	Prognose bietet, sondern die Blutsverwandtschaft wird erst schädlich, wenn					
	sie in einer mangelhaften Konstitution des Vaters und der Mutter einen					
	geeigneten Boden findet.					
						
	Auch auf sie trifft zu,	nein				wohl eher wörtlich zu verstehen
	daß ihre Nachkommenschaft dem Staate Lasten auferlegt, die durch Gegen-					
	leistungen gar nicht oder nicht genügend ausgeglichen werden, da die Nach-					
	kommen entweder schon in jungen Jahren sterben und in den Kosten ihrer					
	Verpflegung und Erziehung ein Stück unfruchtbar angelegtes Nationalvermögen					
	mit in’s Grab nehmen oder, selbst wenn sie in’s reifere Alter gelangen, doch					
	infolge ihrer Kränklichkeit dem Staate meist weder wirtschaftlich noch sonst					
	(durch Militärdienst oder Erzeugung gesunder Nachkommen) von Nutzen sind.					
						
	Wenn man die zahllosen Schwierigkeiten	nein				gewöhnliche Redewendungen ohne Spannung
	bedenkt, welche die Durchführung solcher staatlichen Eheverbote im Gefolge					
	hätte und weiterhin die vielen von dem Einzelnen als schreiendes Unrecht					
	verspürten Eingriffe, welche selbst die gerechteste und fachgemäßeste Ausübung					
	der gesetzlichen Vorschriften auf diesem Gebiete mit sich brächte, so wird					
	man wohl zur Erkenntnis gelangen müssen, daß das Gebiet der ehelichen					
	Verbindung ein zu subtiles und zu inviduell verschiedenes ist, als daß es					
	mit Erfolg zum Gegenstand staatlicher Regelung gemacht werden könne.					
						
						
	Die Statistik ist in der Lage	nein				"Floskel des Beleuchtens, ""schlagend"" pointiert es zwar, aber für einen deutlichen bruch reicht es nicht aus"
	dieses schlagend zu beleuchten.					
						
90-119						
	Schon in der ersten Schrift dieser Art, der 1516	nein				Floskel
	erschienenen Schrift »De optimo reipublicae statu deque nova insula					
	Utopia« des Thomas Morus wird verlangt, daß vor der Vermählung					
	die Nupturienten sich einer Prüfung unterziehen, welche sich auf ihren körper-					
	lichen Bau und ihre Schönheit erstreckt, und ferner ist vorgeschrieben, daß					
	vor der Hochzeit Braut und Bräutigam einander in Gegenwart ehrbarer					
	alter Matronen unbekleidet gegenüber gestellt werden, damit sie ihren					
	Körperbau und etwaige verborgene körperliche Mängel nicht erst in der Ehe					
	bemerken und in die Ehe dadurch der Keim der Zwietracht gelegt wird.					
						
	Es muß dem Einzelnen	nein				Floskel, kein Bruch, keine Spannung
	durch die Staatsinstitutionen täglich aufs neue klar werden, daß sein Ge-					
	deihen vom Staate in bestmöglicher und vernünftiger Weise gefördert wird					
	und vom Gedeihen des Staates abhängt.					
						
	Selbst wenn wir einmal annehmen, dies	x	im Gefolge	Nachteile	A	Floskelverdacht, leicht ungewöhnlicher, irritierender Ausdruck, der auf andere Semantik verweist, unterstützt durch den floskelhaften Weg, könnte aber wohl ohne großen Bedeutungsverlust umformuliert werden
	sei der Fall, so hat dafür die gesetzliche Regelung auch Nachteile im Gefolge,					
	welche bei dem von uns empfohlenen Wege vermieden werden.					
						
	Gesetzliche	nein				Floskel
	Vorschriften haben erstens immer die Tendenz, die Tatsachen mehr nach					
	ihrer äußerlichen Seite zu fassen und Verhältnisse von sehr ungleichartiger					
	innerer Beschaffenheit über denselben Kamm zu scheeren.					
						
	Sie [die Anpassung] kann auf geringfügige Änderungen der	x	tritt die Herrschaft ab	die Anpassung	B	zunächst durch Personifikation pointiert, anschließend durch Bruch und weitere Semantik ausgezeichnet wird diese Stelle metaphorisch, Umformulierung würde ihr diese Pointierung nehmen: es sollen hier Machtkämpfe verbildlicht werden
	natürlichen Lebensbedingungen mit korrespondierenden kleinen Änderungen					
	der Organisation antworten; aber sie versagt bei größeren Änderungen und					
	tritt die Herrschaft dann gänzlich an die natürliche Auslese ab.					
						
	In dem Moment, wo sperma und ovum im Uterus der Mutter zu einer	x	ist die Statue gegossen	zu einer Zelle verschmelzen	C	Sonderfall einer direkt übernommenen, nämlich zitierten Metapher, deutlicher Bruch, nicht austauschbar, neuer Bedeutungsgehalt wird eingebracht,
	Zelle verschmelzen, ist »die Statue gegossen,« sagt Hegar1), »und was					
	noch weiter geschieht, ist nur eine feinere Ausarbeitung und Ziselierung.					
						
	»Beim Menschen scheint das Kind gar nichts mitzubringen,	nein				keinerlei Bruch, nur merkwürdige Ausdrucksweise
	sondern alles erst zu lernen; in der Tat aber bringt es alles oder doch					
	unendlich viel mehr mit als das fix und fertig aus dem Ei kriechende Tier,					
	aber es bringt alles in unreifem Zustande mit, weil des zu Entwickelnden					
	bei ihm so viel ist, daß es in den 9 Monaten des Embryolebens nur erst					
	im Keime vorgebildet sein kann.					
						
	So geht nun das Reisen der Disposi-	x	Nachmeißeln	dieser Dispositionen	B	die frühere Metapher der Statue wird hier geschickt durch eine ergänzende Metapher aufgegriffen, das Meißeln verweist abermals auf die bildenden Künste, die Stelle wird so pointiert und ist nicht auszutauschen
	tionen bei fortschreitender Ausbildung des Säuglingsgehirns mit dem Lernen,					
	d. h. mit dem Nachmeißeln dieser Dispositionen durch Übung Hand in Hand					
	und erzielt dadurch ein weit reicheres und saubereres Endresultat als die					
	bloße Vererbung bei den Tieren vermag« 2).					
						
	Kommt der Mensch mit ganz	x	Schranken, welche gesetzt sind	die Erziehung	A	Floskelverdacht, statt den erwarteten Grenzen werden hier die Schranken zur Abtrennung genutzt und erzeugen so einen leichten Bruch
	bestimmten Bildungsanlagen und -trieben zur Welt, so muß die Erziehung					
	sich der Schranken bewußt bleiben, welche ihr hierdurch gesetzt sind.					
						
	Man kann auf diese Weise eine	nein				merkwürdige Ausdrucksweise gepaart mit Floskeln lassen diese Stelle auffällig wirken, einen richtigen Bruch erkenne ich jedoch nicht, eine Umformulierung wäre wohl weitestgehend verlustfrei möglich
	böse Anlage, z. B. die Neigung zur Grausamkeit, nie eigentlich ganz er-					
	töten und aus der Psyche des Kindes ausmerzen; sie bleibt stets darin,					
	aber sie wird unschädlich, weil sich als Frucht guter Erziehung im Kinde					
	jetzt bei jeder aufsteigenden Neigung zu einer grausamen Handlung durch					
	Gedankenassoziation zugleich abmahnend ein ganzer Komplex von Vorstellungen					
	erhebt, welche jenen Wunsch als schlecht, als verachtenswert, als von bösen					
	Folgen begleitet erscheinen und ihn deshalb nicht zur Tat werden lassen.					
						
	Es ist nicht immer nötig, daß dieser der	x	saugt	diese Vorstellungen	A	irreguläre Sprachverknüpfung, dadurch Bruch und neue Semantik, nicht ersetzbar
	schlechten Neigung entgegenstehende Vorstellungskomplex durch Erziehung					
	und Erzieher bewußt hervorgebracht wird ; das Kind saugt diese Vorstel-					
	lungen, sobald es sich in einer dazu Anlaß gebenden Umgebung befindet, von					
	selbst ein, es erzieht sich in einem guten Milieu durch Nachahmung und					
	Gewöhnung gewissermaßen allein.					
						
	Solange jene Neigung nicht	nein				gewöhnliche Sprachausdrücke, evtl. Floskeln
	zur alles verzehrenden Leidenschaft geworden ist und die gleichzeitig ge-					
	weckten Vorstellungen stark genug sind, werden sie in vielen Fällen die					
	Neigung, falls sie schlecht ist, besiegen und die schlechte Tat unausgeführt					
	lassen.					
						
	Die Schulen sind aber für	x	bricht	seinen Weg	A	Bruch durch brechen, irreguläre Verknüpfung von Weg und brechen, stärkere Betonung als einen Weg gehen, daher nicht austauschbar und verweist auf Probleme etc.
	diese Masse, nicht für das einsame Genie, das sich übrigens seinen Weg auch					
	ohne Schule und gegen die Schule bricht.					
						
	Wenn man	x	vollgepropft	mit Anschauungen	A	Bruch und Verweisung auf pflanzlichen Bereich, Betonung, nicht ersetzbar
	etwa befürchtet, daß dann in den Schulen schon die Kinder mit gewissen					
	den Regierenden genehmen Anschauungen vollgepfropft würden, so ist zu					
	sagen, daß Mißbrauch mit jeder noch so vernünftigen Maßregel getrieben					
	werden kann.					
						
	Was wir meinen, ist nur	nein				kombinierte Floskeln
	dies, daß die Kindererziehung sich in das ganze soziale Getriebe organisch					
	einfügen muß und daß sie, wenn sie dies tut, keinen anderen Zweck haben					
	kann als die Kinder so auszubilden, daß sie nachher - jeder zu seinem					
	Teile — zur Förderung der Zwecke des Staates empfänglich und ge-					
	eignet sind.					
						
	Er muß damit rechnen, daß die einzelnen Volksgenossen bereits	nein				"Floskel, wenn auch durch den Zusatz ""fest"" etwas betont"
	mit vielen festgewurzelten Vorstellungen erfüllt sind, die sich nicht einfach					
	ignorieren lassen, sondern sich als sogenannte Tradition (dieses Wort nicht					
	im engeren Sinne als mündliche Überlieferung, sondern im weiteren Sinne					
	als die gesamte nichtphysiologische Überkommenschaft unserer Vorfahren ge-					
	nommen) der Aufnahme neuer andersartiger Vorstellungen als ein mächtiges					
	Hindernis entgegenstellen.					
						
	Stehen wir durch die Vererbung körperlich in	nein				wohl wörtlich gemeint, zudem kein Bruch etc.
	einem Zusammenhange mit den Vorfahren, die in den vielen Jahrtausenden					
	vor uns lebten, so haben wir in der Tradition deren geistige Hinterlassen-					
	schaft; und wie wir uns körperlich nicht von unseren Ahnen emancipieren					
	können, so leben und weben wir in ihrer geistigen Hinterlassenschaft als					
	einem unverrückbaren Medium.					
						
	Das intelligenteste	x	saugen	dieses Wissen und diese Erfahrung	A	"Wiederholung der früheren Metapher des ""Saugens"" in bezug auf Abstrakta, dadurch Bruch, nicht austauschbar"
	Europäerkind wird unter einem Stamm von Wilden nie auch nur entfernt					
	das Wissen und die Erfahrung eines gebildeten Europäers erreichen, weil					
	ihm das Medium fehlt, aus dem es dieses Wissen und diese Erfahrung					
	saugen könnte.					
						
	Keine von ihnen ist die Errungenschaft einer ein-	nein				Floskel, gängiges Bild
	zigen Generation, vielmehr sind sie alle das gemeinsame Produkt vieler					
	Generationen, von denen die eine immer auf den Schultern der früheren					
	steht und von denen jede ihr Scherflein zu dem heutigen Stande beigetragen					
	hat.					
						
	Unsere größten Erfinder holten ihre Erfindungen nicht vom Himmel	nein				kein Bruch, nur auffällige Ausdrucksweise
	herab wie in der Sage Prometheus das Feuer, sondern ihre Erfindungen					
	bildeten allemal nur die Fortsetzung einer langen Reihe von Entdeckungen,					
	die in ununterbrochener Kette bis in das Dunkel der entferntesten Zeiten					
	zurückreichen.					
						
	Dies ist jedoch ein Miß-	x	durch die Schranken gefesselt	des Herkommens	B	Die Herkunft fesselt hier durch Schranken in alle Richtungen, irreguläre Sprachverknüpfung, mithin Bruch, nicht austauschbar, pointierte Stelle
	verständnis, da das Leben unzivilisierter Völker nach allen Richtungen hin					
	durch die Schranken des Herkommens gefesselt ist.«					
						
	Aber die Gestalten und Bilder, welche	x	in seine Seele gefallen	die Gestalten und Bilder	A	leichter Bruch durch irreguläre Verknüpfung und Verweisung auf Räumlichkeit, pointierte Stelle, unterstützt durch bildreiche Sprache
	einmal in seine Seele gefallen sind, arbeiten doch unablässig, ihn zu leiten,					
	oft hat er sich gegen ihre Herrschaft zu wehren, in tausend Fällen folgt er					
	fröhlich ihrem leisen Zuge.					
						
	Die	nein				"""gewissermaßen"" deutet eine Art Vergleich an, daher kein Bruch etc."
	Sollvorschrift bildet dann gewissermaßen die Hülle oder Schale, die sich un-					
	verändert erhält, während der Kern grundlegende Veränderungen erfahren					
	hat.					
						
	Überall machen sich starke Bestrebungen geltend, die überkommenen Sitten	x	nagende	Vernunft	B	Bruch und Anreicherung der Semantik, nicht ersetzbar, sprachlich irregulär verknüpft
	und Gebräuche gegenüber der nagenden Vernunft aufrecht zu erhalten.					
						
	Oft	x	Vergewaltigung	durch die Schatten der Vergangenheit	B	Bruch, neue Semantik, irreguläre Verknüpfung, unersetzlich, unterstützt durch bildreiche Sprache und Floskeln
	genug ist derjenige, der sich in der Jugend einst knirschend gegen die Macht					
	des Hergebrachten aufbäumte, gar nicht genug über diese Vergewaltigung					
	durch die Schatten der Vergangenheit klagen konnte, mit gereifterer Lebens-					
	anschauung froh gewesen, daß die Wirklichkeit seinem Ansturme Stand hielt					
	und ihn in ihre Geleise zwang.					
						
	Wie aber wäre dies möglich, da wir bis zur letzten Zelle	nein				Floskel, kein Bruch oder dergleichen
	unseres körperlich-geistigen Baues geschichtliche Wesen sind?					
						
	Würde die Vergangenheit sich nicht wie ein Schwergewicht an uns hängen	nein				ein Vergleich und eine Floskel machen die Stelle aber neben ihrem Bildreichtum auffällig (Spielball vielleicht noch eher Metapher als Floskel?)
	und als Ballast unserem sozialen Leben einen ruhigen Gang verleihen, so					
	würde dieses von Extrem zu Extrem schwanken und jedes Staatswesen wäre					
	ein Spielball in der Hand waghalsiger Experimentatoren.					
						
	Die Vorschriften der Sitte (von denen die Vorschriften der Etiquette,	nein				kein bruch, halbwegs verlustfrei auszutauschen
	des gesellschaftlichen Anstandes als eine Unterabteilung aufzufassen und da-					
	durch charakterisiert sind, daß ihre Geltung auf kleinere gesellschaftliche Kreise,					
	die sich durch Beruf, Besitz, Stand oder Bildung verwandt fühlen, beschränkt					
	ist) unterliegen einer solchen durchgreifenden Revision durch die Vernunft					
	nicht, da sie sich lediglich durch mündliche Überlieferung fortpflanzen.					
						
	Wer plötz-	nein				geistiges Getränk war eine bekannte Ausdrucksweise für Alkohol
	lich mit der Forderung aufträte, es dürfe kein Tropfen eines geistigen Ge-					
	tränks mehr getrunken werden, weil der Alkoholgenuß schädlich sei, und die					
	augenblickliche Durchführung dieser Forderung erstrebte, wäre ein kompleter					
	Narr.					
						
	»Wir können den Lauf der Zeit nicht da-	x	kein Land, wo es fußen, und kein Volksverständnis, in dem es wurzeln könnte	ein Zukunftsgesetz	B	Bruch, irreguläre Verknüpfung zweier Semantiken, nicht auszutauschen
	durch beschleunigen, daß wir unsere Uhren vorstellen: ein Zukunftsgesetz,					
	und wenn es die genialste Lösung der sozialen Fragen enthielte, es fände					
	kein Land, wo es fußen, und kein Volksverständnis, in dem es wurzeln					
	könnte«, sagt Endemann1).					
						
	Er [der Gesetzgeber] ist, um ein Wort von Karl Marx, allerdings in anderem	x	der Geburtshelfer des Gesellschaftslebens, das mit neuen sozialen Ershceinungen schwanger geht	der Gesetzgeber	B	bewusst als Metapher zitiert, Bruch durch die Anwendung der Schwangerschaft auf Politik, dadurch neue Semantik, pointiert und unersetzlich
	Sinne, zu gebrauchen, der Geburtshelfer des Gesellschaftslebens, das mit					
	neuen sozialen Erscheinungen schwanger geht.					
						
	Die Vernunft einzelner Menschen kann vorher	x	Triebwerk	des sozialen Lebens	A	nah an der Floskel, Bruch, irreguläre Verknüpfung zweier Semantiken, nicht auszutauschen
	nicht genau ermessen, wie jene Änderung, die in das Triebwerk des sozialen					
	Lebens eingreift und bis in die entferntesten Erscheinungen desselben ihren					
	Einfluß geltend macht, wirken wird.					
						
	Ein neues Gesetz ist immer mehr oder weniger ein Sprung ins	nein				Vergleich, bzw. Bild, keinerlei Bruch oder dergleichen
	dunkle.					
						
	Der beste Gesetzgeber ist deshalb derjenige, der sein Ziel stufen-	nein				vielleicht sogar eine bewusste Anspielung auf Augustinus, der den Geist der Schrift gegenüber den toten Buchstaben hervorhebt, was sich später als übliche Redeweise etablierte und auf andere Bereiche übertragen wurde, also Floskel
	mäßig durch möglichst geringe Abänderungen der jeweilig geltenden recht-					
	lichen Regelung erreicht, weil er auf diese Weise einmal sein Volk vor					
	gefährlichen Experimenten bewahrt, immer in der Lage ist, den theoretisch					
	beabsichtigten Erfolg eines Gesetzes in der Praxis nachzuprüfen und anderer-					
	seits sicher ist, daß seine gesetzgeberischen Maßnahmen im Rechtsbewußtsein					
	des Volkes Anknüpfungspunkte finden und nicht tote Buchstaben bleiben.					
						
	Denn das Leben, sagt Endemann3), muß erst »die Rechtsgedanken verar-	x	als Keime	die Rechtsgedanken, die in die Paragraphen eingeschlossen sind	B	Bruch, sprachlich irreguläre Verknüpfung zweier Semantiken, nicht austauschbar, unterstützt durch das Bild der lebendigen Buchstaben, was das vorige Bild aufnimmt
	beiten, die als Keime in die Paragraphen eingeschlossen sind, damit die					
	Gesetzesbuchstaben lebendig werden.«					
						
	Ein Kurzsichtiger sieht mit Brille oder Fernrohr ebenso viel und mehr wie	x	unbewaffnete	Auge	A	leichter Bruch, Anreicherung der Semantik, irreguläre Verknüpfung
	das beste unbewaffnete Auge und der schwächste Mensch kann mit Hilfe					
						
S. 120-149						
	Wenn also einzelne Soziologen	x	Gedeck an dem großen Gastmahl	der Natur	B	zitierte Metapher, pointierte Stelle unterstützt durch bildhaften Vergleich, Anreicherung der Semantik, nicht austauschbar
	in der hohen Kindersterblichkeit in Deutschland befriedigt das Walten der					
	natürlichen Auslese erblicken, wenn ein Autor (Otto Zacharias) in deut-					
	lichem Anklange an die 1. Auflage von Robert Malthus’ Hauptwerk den					
	Satz aufstellt, »daß die enorme Kindersterblichkeit der großen Städte die					
	Pforte sei, durch welche alle diejenigen jungen Leben, für welche kein Ge-					
	deck an dem großen Gastmahl der Natur aufgelegt ist, sich wieder entfernen					
	müssen«, so ist das eine völlige Verkennung der Tatsachen.					
						
	Unerkannt sitzt die geschlechtliche Zuchtwahl aber auch am Webstuhl	x	Webstuhl	der Geschichte	B	Bruch, neuer semantischer Kontext, unersetzbar, pointiert, irregulär verknüpft (heuzutage schon so gängige Metapher, dass es fast eine Floskel ist)
	der Geschichte.					
						
	Ob nicht auch hier die individuelle Geschlechtsliebe	x	der Kompaß	die individuelle Geschlechtsliebe	B	Bruch, verknüpft irregulär andere Semantik, unersetzlich
	der Kompaß ist, welcher die zu einander, d. h. zur Erzeugung normal					
	gebildeter Kinder passenden Personen zusammenführt und die nicht zusammen-					
	passenden von einander fernhält?					
						
	Freilich scheint uns auch hier wie zur Erreichung so vieler anderer	x	tief ins Herz des Volkes eingegrabenes	Staatsideal	C	Metapher mit Bild, Bruch, irreguläre Verknüpfung, verweist auf andere Semantik (mit dem Bild insgesamt drei!) dadurch nicht ersetzbar und überaus pointiert
	wünschenswerter Ziele ein hohes und tief ins Herz des Volkes einge-					
	grabenes Staatsideal die Voraussetzung dafür zu sein, daß sich der ein-					
	zelne im Interesse der Gesamtheit und der zukünftigen Volksgeneration					
	Beschränkungen auferlegt.					
						
	Nur	x	gepflanzt	Herz des Volkes	B	das selbe Bild wie zuvor, andere Verknüpfung, neue Semantik, Bruch, weniger pointiert, aber auch auffälig
	auf diese Weise wird ins Herz des Volkes selbst ein Motiv gepflanzt, das					
	gewaltig wirkend den einzelnen im Banne hält und ihm die Entsagung					
	dort leicht macht, wo sie durch kleinliche Zwangsmaßregeln überhaupt nie					
	zu erreichen sein würde.					
						
	Die Zeitungen	x	das Vergrößerungsglas	ihres Parteiinteresses	B	Bruch, nicht ersetzbar, neue Semantik, irreguläre Verknüpfung
	sehen alle Dinge durch das Vergrößerungsglas ihres Parteiinteresses und					
	des Bestrebens, dem Leser für ihre Mitteilungen ein möglichst großes					
	Interesse einzuflößen.					
						
	Die ohnehin schon sehr dürftige wirtschaftliche Existenz des Arbeiters	nein				Floskel, gängige Redensart
	hing also fortwährend an einem dünnen Faden, da außer jenen Krisen auch					
	noch die im Beginn der kapitalistischen Ära sehr häufige Erfindung und					
	und Einführung arbeitsparender Maschinen den Arbeiter ständig mit Ent-					
	lassung bedrohte.					
						
	Als Schüler der Hegelschen Philosophie hatten	x	durchtränkten	vom Rationalismus der Aufklärungsperiode	B	Bruch, nicht ersetzbar, neue Semantik, irreguläre Verknüpfung
	sie vor der Wirklichkeit, vor dem historisch Gewordenen, einen viel höheren					
	Respekt als ihre vom Rationalismus der Aufklärungsperiode durchtränkten					
	sozialistischen Vorgänger.					
						
	»Eine Gesellschaftsformation	x	im Schoß selbst ausgebrütet worden	die materiellen Existenzbedingungen	B	zitierte Metapher, Bruch, nicht ersetzbar, neue Semantik, pointiert, irreguläre Verknüpfung
	geht nie unter«, sagt Marx1), »bevor alle Produktivkräfte entwickelt sind,					
	für die sie weit genug ist, und neue höhere Produktionsverhältnisse treten					
	nie an die Stelle, bevor die materiellen Existenzbedingungen derselben im					
	Schoß der alten Gesellschaft selbst ausgebrütet worden sind.«					
						
	Und da diese sozialen	x	saugt	seine Erfahrungen	A	"Bruch, nicht ersetzbar, neue Semantik, irreguläre Verknüpfung (zum dritten Mal taucht hier das ""saugen"" mit Abstrakta auf, doch Floskel oder Redensart?)"
	Erscheinungen das Medium sind, in dem das Individuum lebt und aus dem					
	es seine Erfahrungen saugt, so wird in letzter Linie auch das individuelle					
	Geistesleben von den Produktionsverhältnissen bestimmt.					
						
	Man kann mit dem Marx’schen Gedankengange eine ganze Strecke	nein				üblicher Jargon in argumentativen Texten
	weit mitgehen.					
						
	Es ist richtig, daß die Wirtschaftsweise eines Volkes seinem	nein				Floskel, problemlos durch prägen oder dergleichen ersetzbar
	ganzen sozialen Leben ihren Stempel aufdrückt, aber einerseits ist diese Er-					
	kenntnis in der materialistischen Geschichtsauffassung auf Kosten anderer					
	Faktoren, die im gesellschaftlichen Leben mitwirken, überspannt, zum anderen					
	gibt die methodische Durchführung jener Erkenntnis zu Bedenken Anlaß.					
						
						
S. 150-175	Zwar besteht	nein				Floskel, keine Spannung oder Bruch
	heut innerhalb jeder Schicht ein hoher Grad von Beweglichkeit, und viel					
	Beweglichkeit auch zwischen den Schichten, aber die gesellschaftlichen Schranken					
	werden noch aufrecht erhalten.					
						
	Die Menschheit macht mit der Realisierung der sozialistischen Forderung	nein				Grenzfall? sehr auffällige Stelle mit zwei Floskeln? Bildern? schwierig einzuordnen, was wäre Fokus und Rahmen?
	noch lange nicht den »Sprung aus dem Reiche der Notwendigkeit in das					
	Reich der Freiheit«2); sie spinnt den Faden ihres Schicksals nicht schon					
	selbst, wenn sie für ihre leiblichen Bedürfnisse besser sorgen kann.					
						
	Sobald aber die Forderung	x	ihres mystischen Schimmers entkleidet	die Forderung der Vergesellschaftung der Produktionsmittel	B	Bruch, nicht ersetzbar, neue Semantik, irreguläre Verknüpfung
	der Vergesellschaftung der Produktionsmittel ihres mystischen Schimmers					
	entkleidet und als ein rechtlicher Reformvorschlag wie andere Reformvorschläge					
	angesehen werden wird, wird sie von sozialdemokratischer Seite selbst auch					
	unbefangener und nüchterner betrachtet werden.					
