Abschnitt	Stelle	Metapher? 	Fokus	Rahmen	Stärkegrad (0, 1, 2)	Begründung
Beispiele						
	Bei Beobach-	Metapher	das Horoskop stellen	einer Nation	2	Horoskop stellen - bezogen auf Nationen ist das ein Bruch (und eine interessante, nur durch Nachdenken zu 'reparierende' und damit in ihrem Witz verstehbare Vorstellung)
	"tung solchen moralischen Wertes kann man das Horoskop einer Nation am besten stellen."""					
						
	Die Zellen verschmelzen miteinander.	nein				Fachausdruck
						
	Diese wolle die bittere Auslese, ohne die auch dem	Metapher	bittere	Auslese	1	"Unauffällig, aber doch metaphorisch: Dass eine Auslese ""bitter"" sein soll...? Schon ein Bruch, der aufmerken lässt. Soweit ich sehe, nichts Eingeführtes, also keine Floskel."
	Menschen kein Fortschritt möglich sei, einschränken.					
						
Ruppin 0-29						
	Wenn es dem Verfasser gelungen ist, ein gesichertes Fundament und	Metapher	den vollendeten Bau	wissenschaftlich gesicherten Ergebnissen	B	"auffällig ist nur der vollendete Bau, aus ""wissenschaftlich gesichterten Ergebnissen"", Bruch, neuer semantischer Kontext, unersetzbar, sprachlich irregulär verknüpft"
	die ersten Pfeiler für die Lösung der hier zur Bearbeitung gestellten Auf-					
	gabe zu legen, so ist seine Absicht erreicht; den vollendeten Bau wird					
	nach seiner Überzeugung erst eine spätere Generation errichten können, wenn					
	die heutigen fragmentarischen und unfertigen Hypothesen über die Beziehungen					
	zwischen den anthropologischen Eigentümlichkeiten der Völker und ihrer ge-					
	schichtlichen Bedeutung zu wissenschaftlich gesicherten Ergebnissen geworden					
	sein werden.					
						
	In Californien ist ebenso die früher dort heimische weiße Ratte von der zu	nein				ich sehe nichts auffälliges
	Schiffe eingeführten schwarzen Ratte völlig vertilgt worden. In den Ver-					
	einigten Staaten vertrieb eine Schwalbenart gänzlich eine andere, und die					
	Vermehrung der sogen. Misteldrosseln in England hat die Abnahme der					
	Singdrosseln zur Folge gehabt.					
						
	Die Fragen, welche heute auf staatlichem und gesellschaftlichem Gebiete	nein				
	ihrer Beantwortung harren und in der folgenden Arbeit berührt werden,					
	sind größtenteils Fragen von grundlegender Bedeutung, an denen sich Jahr-					
	hunderte und Jahrtausende abgemüht haben.					
						
	So verlockend es nun mit-					
	unter gewesen wäre, diese Fragen mit den Mitteln aus dem reich aus-	nein				Floskel
	gestatteten Arsenale der Volkswirtschaftspolitik zu beantworten und dadurch					
	der Arbeit überall einen befriedigenden Abschluß zu geben, so schien es doch					
	das richtigere, hiervon keinen oder nur ganz beschränkten Gebrauch zu					
	machen.					
						
	Man kann vielmehr in das Getriebe des gesell-	Metapher	Getriebe; Leuchte	des gesellschaftlichen Lebens; der Wissenschaft	A, B	wenig metaporisch; Getriebe grenz aber an Floskel, dennoch Bruch, neuer semantischer Kontext, unersetzbar, sprachlich irregulär verknüpft. Die Leuchte der Wissenschaft ist auffällig, ist nicht so langweilig wie die normale Licht-Floskel, somit Bruch, neuer semantischer Kontext, unersetzbar, sprachlich irregulär verknüpft
	schaftlichen Lebens nur dann mit der Leuchte der Wissenschaft hineinkommen,					
	wenn man die teleologische, d. h. die Erscheinungen unter dem Gesichts-					
	punkte von Mittel und Zweck ordnende Betrachtungsweise zu Hilfe nimmt.					
						
	Nachdem wir bisher negativ feststellen mußten, inwiefern Naturwissen-	Grenzfall	im Brennpunkt vereinigen	alle Wissenschaften	A	"ein bisschen auffällig durch ""vereinigen"". Brennpunkt allein ist nein. Bruch ist da, neuer semantischer Kontext, unersetzbar, sprachlich irregulär verknüpft"
	schaft und Sozialwissenschaft keine Gemeinsamkeit miteinander haben, kommen					
	wir nun zu der Aufgabe zu zeigen, inwiefern sie doch ineinander greifen,					
	weil alle Wissenschaften sich schließlich in ihrem Ziele, der Förderung der					
	menschlichen Wohlfahrt, wie in einem Brennpunkte vereinigen.					
						
	Wohlfahrt hätte, wäre ein absurdum. Dies kommt uns nur deshalb nicht	Metapher	lückenlos umspannen 	Interesse	C	"das Interesse ""umspannen"" ist auffällig, somit Bruch, neuer semantischer Kontext, unersetzbar, sprachlich irregulär verknüpft"
	so leicht zum Bewußtsein, weil des Menschen Interessen heute fast die ganze					
	Außenwelt lückenlos umspannen und kaum noch ein Gebiet vorhanden ist,					
	das nicht zum Menschen in mittelbarer oder unmittelbarer Beziehung steht.					
						
	Die ganze Außenwelt gruppiert sich konzentrisch um den Menschen in der	Metapher	Licht (Doppelfokus mit Dunkel)	Gebiete	B	in Kombination mit dem Dunkel finde ich es durchaus metaphorisch, Bruch, neuer semantischer Kontext, unersetzbar, sprachlich irregulär verknüpft
	Weise, daß diejenigen Gebiete, die zur menschlichen Wohlfahrt die engste					
	Beziehung haben, dem Menschen am nächsten stehen und vom Lichte seiner					
	Vernunft am intensivsten beleuchtet werden, während das Licht nach außen					
	zu immer schwächer wird und die entferntesten Gebiete beinah ganz im					
	Dunklen bleiben.					
						
	Der Mensch hat zwar theoretisch gelernt sich als einen	Metapher	Stamm	der organischen Welt	B	Bruch, neuer semantischer Kontext, unersetzbar, sprachlich irregulär verknüpft
	Zweig wie tausend andere Zweige am Stamme der organischen Welt zu					
	betrachten und sich eine verhältnismäßig bescheidene Rolle im Kosmos an-					
	zuweisen. Aber praktisch stellt er sich in den Mittelpunkt der Welt					
	und beurteilt und wertet alle Erscheinungen nur nach dem Nutzen, den					
	sie dem Menschen bringen.					
						
	Er leuchtet nur in diejenigen Erscheinungen	Metapher	leuchtet, mit Licht, hinein	Vernunft	B	mit dem Licht in etwas hinein leichten ist auch wieder kreativ, somit Bruch, neuer semantischer Kontext, unersetzbar, sprachlich irregulär verknüpft
	mit dem Lichte seiner Vernunft hinein, von deren Kenntnis er Förderung					
	der menschlichen Wohlfahrt erwartet.					
						
	Eine Gesetz-	nein				
	gebung, welche die natürlichen Grundlagen mißachten, z. B. alle Staats-					
	angehörigen ohne Rücksicht auf Beanlagung, Alter und körperliche Konstitution					
	in genau der gleichen Weise behandeln würde, würde ihre Kräfte nutzlos					
	vergeuden und zu Grunde gehen.					
						
	Viel Streit hat sich über die Frage erhoben, durch welche Umstände	nein				
	sich der gesellig lebende Mensch aus der Tierheit aufgeschwungen und de					
	facto zum Herrscher über alle anderen Tiere gemacht hat.					
						
	Das Gebiet	Metapher	Gang, zur Seite stehen	der menschlichen Entwickelung, Ethnologie und Geschichte	B. B	Der Gang einer Entwicklung - auffällig, Bruch, neuer semantischer Kontext, unersetzbar, sprachlich irregulär verknüpft. Bruch, neuer semantischer Kontext, unersetzbar, sprachlich irregulär verknüpft
	positiven Wissens über den Gang der menschlichen Entwickelung beginnt					
	aber erst da, wo uns Ethnologie und Geschichte zur Seite stehen.					
						
	Nur soweit ein Bedürfnis gebieterisch Befriedigung	Metapher	gebieterisch	Befriedigung	A	Gebieterische Befriedigung - nur wenig auffällig, aber metaphorisch, Bruch, neuer semantischer Kontext, unersetzbar, sprachlich irregulär verknüpft
	verlangt, existiert eine organisierte menschliche Tätigkeit und nur auf diesem					
	Gebiete existiert ein Fortschritt, eine geschichtliche Entwickelung.					
						
	Wem es eine Erklärung dünkt, diesen Trieb aus Nützlichkeits-	nein				Floksel
	gründen, etwa zum besseren Schutz gegen tierische und menschliche Feinde					
	oder zur besseren Beschaffung der Existenzmittel oder wie sonst immer zu					
	erklären, dem steht dies frei, weil hier alles Wissen aufhört und das Gebiet					
	der Vermutungen beginnt. Wir müssen uns an dieser Stelle damit be-					
	gnügen, das Vorhandensein dieses sozialen Triebes als gegeben hinzunehmen.					
						
	»Unter der ausschließlichen Herrschaft des Rechts	Metapher	Auflösung entgegen gehen	Volksstamm	B	"Das ""entgegen gehen"" macht es auffälliger, Bruch, neuer semantischer Kontext, unersetzbar, sprachlich irregulär verknüpft"
	des Stärkeren«, sagt Tylor3), würde ein Volksstamm in kurzer Zeit seiner					
	Auflösung entgegen gehen«. Es ergibt sich hieraus, daß ein Zusammenleben					
	in einer Gemeinschaft stets gewisse Regeln oder Gebräuche voraussetzt, kraft					
	deren den einzelnen Hordengenossen gewisse Schranken ihrer Tätigkeit gesetzt					
	werden.					
						
	Eine weitere Folge der	Metapher	verwebt	göttliches Recht mit der Religion 	B	Recht ist verwebt, auffällig, Bruch, neuer semantischer Kontext, unersetzbar, sprachlich irregulär verknüpft
	Entwickelung ist, daß das Recht, eine Zeit lang als göttliches Recht mit der					
	Religion verwebt, aus seinem Zusammenhang mit der Religion losgelöst, die					
	Rechtsprechung den Priestern entwunden wurde und weltlichen Organen zu-					
	fiel.					
						
	Die Folge ist, daß	nein				"Bruch ist da, aber das ""Beherbergen von Nationalitäten"" klingt eher blumig"
	selbst diejenigen Staaten, die heute keine offenbar verschiedenen Nationalitäten					
	mehr beherbergen, aus der Zusammenschweißung zahlreicher Stämme verschiedener					
	Nationalität und oft sogar verschiedener Rasse hervorgegangen sind, die					
	erst allmählich durch das territoriale Zusammenleben und gegenseitige					
	Kreuzung das Gefühl ihrer ursprünglichen Verschiedenheit verloren haben.					
						
	Die Nationalitätenkämpfe des	nein				
	19. Jahrhunderts (Polen in Preußen und Rußland, Ezechen in Östereich)					
	beweisen, daß das Gefühl, welches den Menschen in erster Linie zu den ihm					
	in Sitte, Sprache, körperlicher Organisation und Bedürfnissen möglichst ähn-					
	lichen Menschen hinzieht und ihn von dem anders gearteten Menschen zurück-					
	stößt, noch nicht erloschen ist.					
						
	Der Geist der alten Horde (gens) protestiert	nein				nichts metaphorisches
	gegen das Territorialitätsprinzip des modernen Staates.					
						
	Sobald aber eine	nein	ausgemerzt			bildhaft
	Erscheinung im gesellschaftlichen Leben selten ist, steht sie in Gefahr, von der					
	Sitte ganz ausgemerzt zu werden.					
						
	Die Sitte approbiert nämlich immer nur	nein				nichts metaphorisches
	die regelmäßig sich wiederholenden Erscheinungen und reprobiert die seltenen					
	- d. h. der Regel widersprechenden — Erscheinungen Aus diesem Grunde					
	sind die Ehen zwischen Personen, die sehr verschiedenen Alters sind, von					
	der Sitte gemißbilligt und allmählich verhindert worden.					
						
	Indem das Verhältnis durch die Sitte be-	nein				nichts metaphorisches
	festigt wurde, entstand die Exogamie, d. h. der Gebrauch, daß die Frauen					
	nicht an Mitglieder ihres eigenen Stammes, die sich vielmehr ihre Frauen durch					
	eigene Kraft, insbesondere durch Raub von fremden Stämmen, zu beschaffen hatten,					
	sondern nur an Mitglieder fremder Stämme verheiratet werden durften.					
						
	In dieser Form finden	Metapher	überallhin verpflanzt	christliche Kirche	B	Bruch, neuer semantischer Kontext, unersetzbar, sprachlich irregulär verknüpft
	wir Eheverbote bei den Römern und Juden, und sie sind dann von hier					
	aus besonders durch die christliche Kirche überallhin verpflanzt worden, so-					
	daß jetzt neben den Eheverboten für Angehörige verschiedener Generationen					
	(Eltern und Kinder, Oheim und Neffe, Tante und Nichte) auch Eheverbote					
	für Seitenverwandte bestehen, die derselben Generation angehören.					
						
	Als vierten Trieb möchten wir das Kausalitätsbedürfnis nennen, das	Metapher	Werkstatt	Der Natur	A	nicht sehr spannend, aber dennoch metaphorisch auffällig, Bruch, neuer semantischer Kontext, unersetzbar, sprachlich irregulär verknüpft
	den Menschen antreibt die Ursachen der Erscheinungen zu erforschen und ihn					
	befähigt hat, in die Werkstatt der Natur einzudringen.					
						
	Die Religion hat ihre größte	Metapher	durchtränkt 	von der Religion	B	Bruch, neuer semantischer Kontext, unersetzbar, sprachlich irregulär verknüpft
	Macht auf den niedersten Kulturstufen, weil hier das ganze gesellschaftliche					
	Leben von der Religion durchtränkt ist.					
						
	Mühsam und Schritt	Metapher	Wiege	alten Kulturreichen		
	für Schritt hat die Wissenschaft, deren Wiege in eben denselben alten Kultur-					
	reichen stand, die zuerst dem Fetischismus entgegentraten, der Religion den					
	Boden abringen müssen, und die Grenzen sind noch heute in fortwährendem					
	Flusse begriffen.					
						
	In demselben Moment, in dem die wissenschaftliche Er-	Metapher	den Zauber der Dunkelheit	nimmt	B	Bruch, neuer semantischer Kontext, unersetzbar, sprachlich irregulär verknüpft
	kenntnis der Natur den Erscheinungen den Zauber der Dunkelheit nimmt					
	und sie uns auf natürliche Weise begreiflich macht, hört diese Erscheinung					
	auf, ein religiöses Objekt zu sein.					
						
	Die Religion hat in	Metapher	Eroberungen (Doppelfokus)	der Wissenschaft 	B	"eine ""noch nicht abgeschlossene Eroberung der Wissenschaft"" ist auffällig. Ohne ""abgeschlossen"" nicht so auffällig, dannn wäre es eher floskelhaft, Bruch ist da, neuer semantischer Kontext, unersetzbar, sprachlich irregulär verknüpft"
	diesem Kampfe viel Terrain verloren, aber es scheint, als ob die Eroberungen					
	der Wissenschaft noch nicht abgeschlossen sind.					
						
30-59	Ohne solche Regeln würde	Metapher	in Atome zersplittern	Gesellschaft	C	Bruch, neuer semantischer Kontext, unersetzbar, sprachlich irregulär verknüpft
	die Gesellschaft immer wieder in Atome zersplittern oder die Einzelnen					
	wurden, selbst wenn sie örtlich zusammenblieben, doch jeder für sich isoliert					
	sein und mit den anderen in keinerlei Beziehungen stehen - ein Zustand,					
	der eben zwar ein räumliches, aber kein gesellschaftliches Zusammenleben					
	von Menschen sein würde.					
						
	Aber noch ist die Zeit nicht gekommen, zu verlangen, daß	Metapher	Schranken eingerissen	nationalstaatlichen	B	Bruch, neuer semantischer Kontext, unersetzbar, sprachlich irregulär verknüpft oder vielleicht doch bildhaft??
	nunmehr die nationalstaatlichen Schranken überhaupt eingerissen werden müßten.					
	Die Nationen sind noch Realitäten, und die Verschiedenheit ihrer Bedürfnisse					
	und ihres Rechtsgefühls, sowie die Abneigung und Fremdheit der Angehörigen					
	verschiedener Nationen ist auch eine Realität.					
						
	Es ist kein Zufall, daß alle Versuche, ein Weltreich zu gründen und	nein				
	verschiedene Nationen zusammenzuschweißen, gescheitert sind.					
						
	Die zahlreichen Streitfragen des Tages, die meist ganz abgetrennt von	Metapher	richtige Beleuchtung	gewinnen	B	Bruch, neuer semantischer Kontext, unersetzbar, sprachlich irregulär verknüpft
	dem Zusammenhange mit dem Ganzen des sozialen Lebens behandelt werden					
	und deshalb durch Anknüpfung an einzelne Schlagwörter kritisiert werden					
	müssen, gewinnen erst ihre richtige Beleuchtung, wenn sie zu dem Ziele der					
	sozialen Tätigkeit, der Förderung des gesellschaftlichen Zusammenlebens, in					
	Beziehung gesetzt werden.					
						
	Nietzsche hegt einen brennenden Haß gegen den Staat, d. h. den Träger	Metapher	brennenden	Haß	A	bisschen floskelhaft, aber metaphorisch. Bruch, neuer semantischer Kontext, unersetzbar, sprachlich irregulär verknüpft
	der rechtlichen Zwangsgewalt, in dem er den Beschützer und Züchter aller					
	mittelmäßigen und den Vernichter und Feind aller großen, genialen Indi-					
	viduen erblickt.					
						
	Angriffe gegen den Staat sind schließlich auch von denjenigen erhoben	Metapher	gipfelnde	Gesellschaftsleben	B	Bruch, neuer semantischer Kontext, unersetzbar, sprachlich irregulär verknüpft
	worden, welche das im modernen Staat gipfelnde Gesellschaftsleben für ein					
	der Menschheit verderbliches Kunstprodukt halten und demgegenüber die					
	Rückkehr zur Natur fordern — ein Gedanke, der bekanntlich in Rousseau					
	seinen glänzendsten Vertreter hatte.					
						
	Will die Gesellschaft die natürliche Auslese befördern,	Metapher	spannen	Ziele	A	Bruch, neuer semantischer Kontext, unersetzbar, sprachlich irregulär verknüpft
	so muß sie auch ihr alleiniges Ziel, die Vernichtung der schwachen Indi-					
	viduen, befördern wollen, weil die natürliche Auslese nur dieses einzige Ziel					
	hat und sich in den Dienst keines anderen Zieles spannen läßt.					
						
	Wir sind hiermit insoweit ganz einverstanden, als	Metapher	ausjäten	Macht der natürlichen Auslese	B	Bruch, neuer semantischer Kontext, unersetzbar, sprachlich irregulär verknüpft
	wir zugeben, daß die organischen Gebilde durch die Macht der natürlichen					
	Auslese, welche alles unzweckmäßige ausjätet, sicherlich so zweckmäßig als					
	möglich organisiert sind.					
						
	Nun liegt der Einwand nahe, daß die Bedingungen unserer Existenz	nein				bildhaft
	auf diese Weise immer komplizierter und künstlicher werden und die Gefahr					
	nahe bringen, daß die Nichtachtung der in der Natur herrschenden Gesetze					
	der natürlichen Auslese und der natürlichen Anpassung sich eines Tages					
	nicht mehr durch künstliche Mittel neutralisieren läßt und das ganze künst-					
	liche Gebäude in sich zusammenstürzt.					
						
	Die Menschheit	nein				bildhaft
	hat durch die hochentwickelte Technik und ihre kunstvolle soziale Organisation					
	ihre Abhängigkeit von der Natur bedeutend verringert; sie schwebt aber dafür					
	auch in der den Tieren unbekannten Gefahr auf Klippen, genannt Ver-					
	letzung der biologischen Gesetze, zu stoßen und dadurch die Fundamente					
	ihres stolzen sozialen Baues zu unterminieren.					
						
	Steigt man aber aus der Welt des Gedankens in die Welt der Wirklichkeit	Metapher	blasse	Schemen	B	Bruch, neuer semantischer Kontext, unersetzbar, sprachlich irregulär verknüpft
	hinab, so ergibt sich sofort, daß Gesellschaft und Staat Blut und Leben nur					
	erhalten durch die in ihnen lebenden Menschen, daß diese Menschen die					
	Träger alles Fortschritts sind und alle Ziele und Ideale blasse Schemen					
	bleiben, wenn sie nicht dem Wesen dieser Menschen, ihren Trieben und					
	ihrer Fassungsgabe, kurz ihren physischen und psychischen Eigenschaften an-					
	gepaßt sind.					
						
	Aber zwischen dem Punkte, wo uns das Mikroskop bei	Metapher	klafft	eine weite Lücke	B	Bruch, neuer semantischer Kontext, unersetzbar, sprachlich irregulär verknüpft
	der Verfolgung des Befruchtungsvorganges im Stiche läßt — und es läßt					
	uns, da es uns nur über den äußeren Vorgang der Kopulation zweier					
	Keimzellen Ausschluß zu geben vermag, sehr bald im Stich — und dem					
	Punkte, wo die Eigenschaften der Eltern am neuen Individuum hervortreten					
	und uns die Wirkung der Vererbung zeigen, klafft eine weite Lücke, die im					
	Laufe der letzten Jahrzehnte mit Vermutungen über Vermutungen, Theorieen					
	über Theorieen auszufüllen versucht worden ist.					
						
	Sicherlich ist durch die	Metapher	Zickzackwege	der Forschung	C	Bruch, neuer semantischer Kontext, unersetzbar, sprachlich irregulär verknüpft
	vereinigte Arbeit vieler Forscher bedeutendes zur Aufklärung dieses geheimnis-					
	vollen und reizvollen Problems geschehen; daß wir aber heute bereits vor					
	einer gesicherten Lösung desselben stehen, wird niemand zu behaupten					
	wagen, der die Zickzackwege der Forschung auf diesem Gebiete in letzter Zeit					
	verfolgt hat.					
						
	Man sieht, daß wir auch durch diese weitgehende Aufhellung des Be-	nein	Aufhellung	des Befruchtungsvorganges		Licht werfen, aufhellen, alles floskelhaft
	fruchtungsvorganges der Lösung des eigentlichen Vererbungsproblems nur					
	unbedeutend näher gerückt sind.					
						
	»Diese gemmules«, sagt Darwin2), »sammeln	Metapher	bildet ein neues Wesen	Entwicklung	C	nicht sicher mit dem Rahmen, oder was es aussagen soll, aber Bruch, neuer semantischer Kontext, unersetzbar, sprachlich irregulär verknüpft
	sich aus allen Teilen des Körpers, um die Geschlechtsstoffe« (sc. Keimzellen)					
	»zusammenzusetzen und ihre Entwicklung in der nächsten Generation bildet ein					
	neues Wesen; aber sie sind gleicherweise auch fähig, in einem schlummernden					
	Zustande an künftige Generationen überliefert und dann erst entwickelt zu					
	werden.					
						
	Hierdurch wird nämlich zwar nicht die	Metapher	Stempel aufdrückt	Verschmelzung der väterlichen und mütterlichen Keimzelle	B	nicht sicher mit dem Rahmen, Bruch, neuer semantischer Kontext, unersetzbar, sprachlich irregulär verknüpft
	Struktur (oder Architektur) der Keimzelle, wohl aber ihre Lebensenergie					
	beeinflußt, und da das Maß dieser Lebensenergie dann wieder bei der					
	Verschmelzung der väterlichen und mütterlichen Keimzelle für die Frage von					
	Einfluß ist, welche von beiden dem neuen Individuum in höherem Maße					
	ihren Stempel aufdrückt, so kommt auch manchen äußeren Umständen					
	(nämlich denen, welche wie z. B. Syphilis, Alkoholismus eine erhebliche					
	Störung im ganzen Organismus und eine Ernährungsstörung der Keim-					
	zellen zur Folge haben) indirekt ein Einfluß auf die Vererbung zu.					
						
						
S. 60-89						
	Vielleicht ist auch ein Teil der Totge-	nein				
	burten auf das Konto eines solchen Anlasses zu schreiben.					
						
	»Es ist nun noch daran zu er-	Metapher	unerschöpfliche Musterkarte	neue Kombinationen	B	Bruch, neuer semantischer Kontext, unersetzbar, sprachlich irregulär verknüpft
	innern, daß vermöge der Gesetze der Vererbung und der Amphimixis (d. i.					
	der Verschmelzung der väterlichen und mütterlichen Keimzelle bei der ge-					
	schlechtlichen Fortpflanzung) in jedem Kinde der nämlichen Eltern wieder					
	neue Kombinationen entstehen und dadurch eine fast unerschöpfliche Muster-					
	karte für die natürliche Auslese dargeboten wird.					
						
	Da nun bei der Verschmelzung beider Keimzellen gewisser-	nein				"wegen ""gewissermaßen"" finde ich es nicht mehr so metaphorisch"
	maßen ein Kampf vor sich geht, bei dem je nach dem Maße der Lebens-					
	energie bald die väterliche, bald die mütterliche Keimzelle stärker ist, so					
	kommen in dem Kinde dann hauptsächlich die Eigenschaften der stärkeren					
	Zelle zum Vorschein.					
						
	Nicht diejenigen geistigen Eigenschaften sind vererblich, die sich der	nein 	schlummernden	Anlagen		kein Bruch
	Einzelne im Laufe seines Lebens, dem Drucke äußerer Umstände gehorchend,					
	ohne Rücksicht auf seine natürliche Beanlagung angeeignet hat, sondern nur					
	diejenigen, zu deren Erwerbung er kraft der in ihm schlummernden Anlagen					
	prädestiniert war.					
						
	Alle diese Erscheinungen, in denen pseudoverwandtschaftliche Verhält-	nein				nichts zu erkennen
	nisse wie die Fälle echter physiologischer Verwandtschaft behandelt werden,					
	sind ein klassisches Beispiel dafür, wie eine Sitte oft über ihr ursprüng-					
	liches Gebiet hinausgreift und auch Verhältnisse in ihren Kreis zieht, die					
	mit ihrem ursprünglichen Geltungsgebiete nur durch grobe Analogieen in					
	Zusammenhang zu bringen sind.					
						
	Die jüdischen	Metapher	Zaun um das Gesetz	Ausdehnung jener Ge- und Verbote Handlungen zu gebieten oder verbieten	B	Der Zaun um ein Gesetz, das ausgedehnt werden kann - auffällig, Bruch, neuer semantischer Kontext, unersetzbar, sprachlich irregulär verknüpft
	Talmudgelehrten begnügten sich nicht damit, die Beobachtung der ausge-					
	dehnten Speisegesetze und sonstigen Ritualien zu fordern sondern bemühten					
	sich durch immer weitere Ausdehnung jener Ge- und Verbote »einen Zaun					
	um das Gesetz zu machen«, d. h. selbst solche Handlungen zu gebieten oder					
	zu verbieten, welche nicht eigentlich unter jene Gesetze fielen, aber mit den					
	dort gebotenen oder verbotenen irgend welche entfernte Ähnlichkeit hatten.					
						
	Wie	nein				
	jede Gewohnheit, die ursprünglich nur als Tatsache geübt wird, das Be-					
	streben hat, sich zur Sitte zu verdichten, so ist auch hier aus einem »Ist«					
	ein »Soll«, aus einem aus Zweckmäßigkeitsgründen geübten Brauch eine					
	sittliche Regel geworden, die sich von Geschlecht zu Geschlecht fortgeerbt hat.					
						
	So wäre es denn nicht die Tatsache der Bluts-	nein				
	verwandtschaft an sich, welche für die Nachkommenschaft eine ungünstige					
	Prognose bietet, sondern die Blutsverwandtschaft wird erst schädlich, wenn					
	sie in einer mangelhaften Konstitution des Vaters und der Mutter einen					
	geeigneten Boden findet.					
						
	Auch auf sie trifft zu,	Metapher	unfruchtbar angelegtes	Nationalvermögen	B	auffällig, das unfruchtbare Vermögen, Bruch, neuer semantischer Kontext, unersetzbar, sprachlich irregulär verknüpft
	daß ihre Nachkommenschaft dem Staate Lasten auferlegt, die durch Gegen-					
	leistungen gar nicht oder nicht genügend ausgeglichen werden, da die Nach-					
	kommen entweder schon in jungen Jahren sterben und in den Kosten ihrer					
	Verpflegung und Erziehung ein Stück unfruchtbar angelegtes Nationalvermögen					
	mit in’s Grab nehmen oder, selbst wenn sie in’s reifere Alter gelangen, doch					
	infolge ihrer Kränklichkeit dem Staate meist weder wirtschaftlich noch sonst					
	(durch Militärdienst oder Erzeugung gesunder Nachkommen) von Nutzen sind.					
						
	Wenn man die zahllosen Schwierigkeiten	Metapher 	schreiendes	Unrecht	A	bisschen metaphorisch, aber nicht sehr spannend, deswegen nur A, Bruch, neuer semantischer Kontext, sprachlich irregulär verknüpft
	bedenkt, welche die Durchführung solcher staatlichen Eheverbote im Gefolge					
	hätte und weiterhin die vielen von dem Einzelnen als schreiendes Unrecht					
	verspürten Eingriffe, welche selbst die gerechteste und fachgemäßeste Ausübung					
	der gesetzlichen Vorschriften auf diesem Gebiete mit sich brächte, so wird					
	man wohl zur Erkenntnis gelangen müssen, daß das Gebiet der ehelichen					
	Verbindung ein zu subtiles und zu inviduell verschiedenes ist, als daß es					
	mit Erfolg zum Gegenstand staatlicher Regelung gemacht werden könne.					
						
	Wenn man die zahllosen Schwierigkeiten					
	bedenkt, welche die Durchführung solcher staatlichen Eheverbote im Gefolge	gleiches wie oben				
	hätte und weiterhin die vielen von dem Einzelnen als schreiendes Unrecht					
	verspürten Eingriffe, welche selbst die gerechteste und fachgemäßeste Ausübung					
	der gesetzlichen Vorschriften auf diesem Gebiete mit sich brächte, so wird					
	man wohl zur Erkenntnis gelangen müssen, daß das Gebiet der ehelichen					
	Verbindung ein zu subtiles und zu inviduell verschiedenes ist, als daß es					
	mit Erfolg zum Gegenstand staatlicher Regelung gemacht werden könne.					
						
	Die Statistik ist in der Lage	Metapher/Grenzfall	Statistik	schlagend zu beleuchten	A	nicht so auffällig, aber vielleicht doch durch das schlagend, Bruch, neuer semantischer Kontext, unersetzbar, sprachlich irregulär verknüpft
	dieses schlagend zu beleuchten.					
						
90-119						
	Schon in der ersten Schrift dieser Art, der 1516	nein				
	erschienenen Schrift »De optimo reipublicae statu deque nova insula					
	Utopia« des Thomas Morus wird verlangt, daß vor der Vermählung					
	die Nupturienten sich einer Prüfung unterziehen, welche sich auf ihren körper-					
	lichen Bau und ihre Schönheit erstreckt, und ferner ist vorgeschrieben, daß					
	vor der Hochzeit Braut und Bräutigam einander in Gegenwart ehrbarer					
	alter Matronen unbekleidet gegenüber gestellt werden, damit sie ihren					
	Körperbau und etwaige verborgene körperliche Mängel nicht erst in der Ehe					
	bemerken und in die Ehe dadurch der Keim der Zwietracht gelegt wird.					
						
	Es muß dem Einzelnen	Metapher	Gedeihen	des Staates	A	bisschen metaphorisch aber nicht auffällig, deshalb A, Bruch ist da, neuer semantischer Kontext, unersetzbar, sprachlich irregulär verknüpft
	durch die Staatsinstitutionen täglich aufs neue klar werden, daß sein Ge-					
	deihen vom Staate in bestmöglicher und vernünftiger Weise gefördert wird					
	und vom Gedeihen des Staates abhängt.					
						
	Selbst wenn wir einmal annehmen, dies	nein				
	sei der Fall, so hat dafür die gesetzliche Regelung auch Nachteile im Gefolge,					
	welche bei dem von uns empfohlenen Wege vermieden werden.					
						
	Gesetzliche	nein				
	Vorschriften haben erstens immer die Tendenz, die Tatsachen mehr nach					
	ihrer äußerlichen Seite zu fassen und Verhältnisse von sehr ungleichartiger					
	innerer Beschaffenheit über denselben Kamm zu scheeren.					
						
	Sie [die Anpassung] kann auf geringfügige Änderungen der	nein				
	natürlichen Lebensbedingungen mit korrespondierenden kleinen Änderungen					
	der Organisation antworten; aber sie versagt bei größeren Änderungen und					
	tritt die Herrschaft dann gänzlich an die natürliche Auslese ab.					
						
	In dem Moment, wo sperma und ovum im Uterus der Mutter zu einer	Metapher	die Statue gegossen	Zelle verschmelzen	A	Bruch, neuer semantischer Kontext, unersetzbar, sprachlich irregulär verknüpft (oder doch einfach bildhaft)
	Zelle verschmelzen, ist »die Statue gegossen,« sagt Hegar1), »und was					
	noch weiter geschieht, ist nur eine feinere Ausarbeitung und Ziselierung.					
						
	»Beim Menschen scheint das Kind gar nichts mitzubringen,	nein				das ist nur eine Beschreibung
	sondern alles erst zu lernen; in der Tat aber bringt es alles oder doch					
	unendlich viel mehr mit als das fix und fertig aus dem Ei kriechende Tier,					
	aber es bringt alles in unreifem Zustande mit, weil des zu Entwickelnden					
	bei ihm so viel ist, daß es in den 9 Monaten des Embryolebens nur erst					
	im Keime vorgebildet sein kann.					
						
	So geht nun das Reisen der Disposi-	nein	Hand in Hand			Floskel
	tionen bei fortschreitender Ausbildung des Säuglingsgehirns mit dem Lernen,					
	d. h. mit dem Nachmeißeln dieser Dispositionen durch Übung Hand in Hand					
	und erzielt dadurch ein weit reicheres und saubereres Endresultat als die					
	bloße Vererbung bei den Tieren vermag« 2).					
						
	Kommt der Mensch mit ganz	Metapher	Schranken	bewußt bleiben	A	Schranken der Erziehung - wie Grenzen/Einschränkung, Bruch, neuer semantischer Kontext, man könnte es ersetzen, sprachlich irregulär verknüpft, Schwach metaphorisch
	bestimmten Bildungsanlagen und -trieben zur Welt, so muß die Erziehung					
	sich der Schranken bewußt bleiben, welche ihr hierdurch gesetzt sind.					
						
	Man kann auf diese Weise eine	nein	Frucht	 guter Erziehung 		Floskel
	böse Anlage, z. B. die Neigung zur Grausamkeit, nie eigentlich ganz er-					
	töten und aus der Psyche des Kindes ausmerzen; sie bleibt stets darin,					
	aber sie wird unschädlich, weil sich als Frucht guter Erziehung im Kinde					
	jetzt bei jeder aufsteigenden Neigung zu einer grausamen Handlung durch					
	Gedankenassoziation zugleich abmahnend ein ganzer Komplex von Vorstellungen					
	erhebt, welche jenen Wunsch als schlecht, als verachtenswert, als von bösen					
	Folgen begleitet erscheinen und ihn deshalb nicht zur Tat werden lassen.					
						
	Es ist nicht immer nötig, daß dieser der	nein	saugt	Vorstellung	A	nicht sehr auffällig, nicht unersetzbar
	schlechten Neigung entgegenstehende Vorstellungskomplex durch Erziehung					
	und Erzieher bewußt hervorgebracht wird ; das Kind saugt diese Vorstel-					
	lungen, sobald es sich in einer dazu Anlaß gebenden Umgebung befindet, von					
	selbst ein, es erzieht sich in einem guten Milieu durch Nachahmung und					
	Gewöhnung gewissermaßen allein.					
						
	Solange jene Neigung nicht	nein				
	zur alles verzehrenden Leidenschaft geworden ist und die gleichzeitig ge-					
	weckten Vorstellungen stark genug sind, werden sie in vielen Fällen die					
	Neigung, falls sie schlecht ist, besiegen und die schlechte Tat unausgeführt					
	lassen.					
						
	Die Schulen sind aber für	Metapher	seinen Weg	bricht		 Bruch, neuer semantischer Kontext, unersetzbar, sprachlich irregulär verknüpft
	diese Masse, nicht für das einsame Genie, das sich übrigens seinen Weg auch					
	ohne Schule und gegen die Schule bricht.					
						
	Wenn man	nein	vollgepfropft	Anschauungen		nein
	etwa befürchtet, daß dann in den Schulen schon die Kinder mit gewissen					
	den Regierenden genehmen Anschauungen vollgepfropft würden, so ist zu					
	sagen, daß Mißbrauch mit jeder noch so vernünftigen Maßregel getrieben					
	werden kann.					
						
	Was wir meinen, ist nur	Metapher	Getriebe	soziale	B	 Bruch, neuer semantischer Kontext, unersetzbar, sprachlich irregulär verknüpft (oder doch bildhaft?)
	dies, daß die Kindererziehung sich in das ganze soziale Getriebe organisch					
	einfügen muß und daß sie, wenn sie dies tut, keinen anderen Zweck haben					
	kann als die Kinder so auszubilden, daß sie nachher - jeder zu seinem					
	Teile — zur Förderung der Zwecke des Staates empfänglich und ge-					
	eignet sind.					
						
	Er muß damit rechnen, daß die einzelnen Volksgenossen bereits	Metapher	festgewurzelten, mächtiges	Vorstellungen, Hindernis	A, A	nicht sehr auffällig, bisschen metaphorisch,  Bruch, neuer semantischer Kontext, unersetzbar, sprachlich irregulär verknüpft
	mit vielen festgewurzelten Vorstellungen erfüllt sind, die sich nicht einfach					
	ignorieren lassen, sondern sich als sogenannte Tradition (dieses Wort nicht					
	im engeren Sinne als mündliche Überlieferung, sondern im weiteren Sinne					
	als die gesamte nichtphysiologische Überkommenschaft unserer Vorfahren ge-					
	nommen) der Aufnahme neuer andersartiger Vorstellungen als ein mächtiges					
	Hindernis entgegenstellen.					
						
	Stehen wir durch die Vererbung körperlich in	nein	geistige Hinterlassenschaft	Tradition		einfach nur eine schöne Beschreibung
	einem Zusammenhange mit den Vorfahren, die in den vielen Jahrtausenden					
	vor uns lebten, so haben wir in der Tradition deren geistige Hinterlassen-					
	schaft; und wie wir uns körperlich nicht von unseren Ahnen emancipieren					
	können, so leben und weben wir in ihrer geistigen Hinterlassenschaft als					
	einem unverrückbaren Medium.					
						
	Das intelligenteste	nein	saugen	Erfahrung		kam zwei mal vor, sagte man wohl so, vllt eine Floskel
	Europäerkind wird unter einem Stamm von Wilden nie auch nur entfernt					
	das Wissen und die Erfahrung eines gebildeten Europäers erreichen, weil					
	ihm das Medium fehlt, aus dem es dieses Wissen und diese Erfahrung					
	saugen könnte.					
						
	Keine von ihnen ist die Errungenschaft einer ein-	nein	auf den Schultern der früheren stehen			
	zigen Generation, vielmehr sind sie alle das gemeinsame Produkt vieler					
	Generationen, von denen die eine immer auf den Schultern der früheren					
	steht und von denen jede ihr Scherflein zu dem heutigen Stande beigetragen					
	hat.					
						
	Unsere größten Erfinder holten ihre Erfindungen nicht vom Himmel	Metapher	bis in das Dunkel	der entferntesten Zeiten	B	
	herab wie in der Sage Prometheus das Feuer, sondern ihre Erfindungen					
	bildeten allemal nur die Fortsetzung einer langen Reihe von Entdeckungen,					
	die in ununterbrochener Kette bis in das Dunkel der entferntesten Zeiten					
	zurückreichen.					
						
	Dies ist jedoch ein Miß-	Metapher	Schranken des Herkommens gefesselt	Leben unzivilisierter Völker	B	"""durch Schranken gefesselt"" metaphorisch, Bruch, neuer semantischer Kontext, unersetzbar, sprachlich irregulär verknüpft"
	verständnis, da das Leben unzivilisierter Völker nach allen Richtungen hin					
	durch die Schranken des Herkommens gefesselt ist.«					
						
	Aber die Gestalten und Bilder, welche	nein	in Seele gefallen	Gestalten und Bilder		
	einmal in seine Seele gefallen sind, arbeiten doch unablässig, ihn zu leiten,					
	oft hat er sich gegen ihre Herrschaft zu wehren, in tausend Fällen folgt er					
	fröhlich ihrem leisen Zuge.					
						
	Die	nein				nur bildhaft  
	Sollvorschrift bildet dann gewissermaßen die Hülle oder Schale, die sich un-					
	verändert erhält, während der Kern grundlegende Veränderungen erfahren					
	hat.					
						
	Überall machen sich starke Bestrebungen geltend, die überkommenen Sitten	Metapher	nagenden	Vernunft	B	Bruch, neuer semantischer Kontext, unersetzbar, sprachlich irregulär verknüpft
	und Gebräuche gegenüber der nagenden Vernunft aufrecht zu erhalten.					
						
	Oft					
	genug ist derjenige, der sich in der Jugend einst knirschend gegen die Macht	Metapher	knirschend aufbäumte, Vergewaltigung, Ansturme	in der Jugend, Macht des Hergebrachten, Schatten der Vergangenheit, die Wirklichkeit	C, C, C	Bruch, neuer semantischer Kontext, unersetzbar, sprachlich irregulär verknüpft
	des Hergebrachten aufbäumte, gar nicht genug über diese Vergewaltigung					
	durch die Schatten der Vergangenheit klagen konnte, mit gereifterer Lebens-					
	anschauung froh gewesen, daß die Wirklichkeit seinem Ansturme Stand hielt					
	und ihn in ihre Geleise zwang.					
						
	Wie aber wäre dies möglich, da wir bis zur letzten Zelle	Metapher	Baues	geschichtliche Wesen	B	Bruch, neuer semantischer Kontext, unersetzbar, sprachlich irregulär verknüpft
	unseres körperlich-geistigen Baues geschichtliche Wesen sind?					
						
	Würde die Vergangenheit sich nicht wie ein Schwergewicht an uns hängen	nein	Spielball	Staatswesen		Floskel
	und als Ballast unserem sozialen Leben einen ruhigen Gang verleihen, so					
	würde dieses von Extrem zu Extrem schwanken und jedes Staatswesen wäre					
	ein Spielball in der Hand waghalsiger Experimentatoren.					
						
	Die Vorschriften der Sitte (von denen die Vorschriften der Etiquette,	Metapher	fortpflanzen	durch mündliche Überlieferung	A	nicht so auffällig, aber trotzdem metaphorisch, Bruch, neuer semantischer Kontext, unersetzbar, sprachlich irregulär verknüpft
	des gesellschaftlichen Anstandes als eine Unterabteilung aufzufassen und da-					
	durch charakterisiert sind, daß ihre Geltung auf kleinere gesellschaftliche Kreise,					
	die sich durch Beruf, Besitz, Stand oder Bildung verwandt fühlen, beschränkt					
	ist) unterliegen einer solchen durchgreifenden Revision durch die Vernunft					
	nicht, da sie sich lediglich durch mündliche Überlieferung fortpflanzen.					
						
	Wer plötz-	nein	geistigen	Getränks		ist einfach nur blumig
	lich mit der Forderung aufträte, es dürfe kein Tropfen eines geistigen Ge-					
	tränks mehr getrunken werden, weil der Alkoholgenuß schädlich sei, und die					
	augenblickliche Durchführung dieser Forderung erstrebte, wäre ein kompleter					
	Narr.					
						
	»Wir können den Lauf der Zeit nicht da-	Metapher	fußen, wurzeln	Land, Volksverständnis	B	Bruch, neuer semantischer Kontext, unersetzbar, sprachlich irregulär verknüpft
	durch beschleunigen, daß wir unsere Uhren vorstellen: ein Zukunftsgesetz,					
	und wenn es die genialste Lösung der sozialen Fragen enthielte, es fände					
	kein Land, wo es fußen, und kein Volksverständnis, in dem es wurzeln					
	könnte«, sagt Endemann1).					
						
	Er [der Gesetzgeber] ist, um ein Wort von Karl Marx, allerdings in anderem	Metapher	Geburtshelfer, schwanger 	des Gesellschaftslebens, mit sozialen Erscheinungen	C	Bruch, neuer semantischer Kontext, unersetzbar, sprachlich irregulär verknüpft
	Sinne, zu gebrauchen, der Geburtshelfer des Gesellschaftslebens, das mit					
	neuen sozialen Erscheinungen schwanger geht.					
						
	Die Vernunft einzelner Menschen kann vorher	Metapher	Triebwerk 	des sozialen Lebens	B	Bruch, neuer semantischer Kontext, unersetzbar, sprachlich irregulär verknüpft
	nicht genau ermessen, wie jene Änderung, die in das Triebwerk des sozialen					
	Lebens eingreift und bis in die entferntesten Erscheinungen desselben ihren					
	Einfluß geltend macht, wirken wird.					
						
	Ein neues Gesetz ist immer mehr oder weniger ein Sprung ins	nein	ein Sprung ins dunkel	neues Gesetz		floskelhaft
	dunkle.					
						
	Der beste Gesetzgeber ist deshalb derjenige, der sein Ziel stufen-	Metapher	tote	Buchstaben	A	nicht so auffällig eigendlich, aber vllt doch irgendwie metaphorisch
	mäßig durch möglichst geringe Abänderungen der jeweilig geltenden recht-					
	lichen Regelung erreicht, weil er auf diese Weise einmal sein Volk vor					
	gefährlichen Experimenten bewahrt, immer in der Lage ist, den theoretisch					
	beabsichtigten Erfolg eines Gesetzes in der Praxis nachzuprüfen und anderer-					
	seits sicher ist, daß seine gesetzgeberischen Maßnahmen im Rechtsbewußtsein					
	des Volkes Anknüpfungspunkte finden und nicht tote Buchstaben bleiben.					
						
	Denn das Leben, sagt Endemann3), muß erst »die Rechtsgedanken verar-	Metapher	Keime	in die Paragraphen	B	Bruch, neuer semantischer Kontext, unersetzbar, sprachlich irregulär verknüpft
	beiten, die als Keime in die Paragraphen eingeschlossen sind, damit die					
	Gesetzesbuchstaben lebendig werden.«					
						
	Ein Kurzsichtiger sieht mit Brille oder Fernrohr ebenso viel und mehr wie	nein				
	das beste unbewaffnete Auge und der schwächste Mensch kann mit Hilfe					
	einer Dampfmaschine die Leistungen von Riesen übertreffen.					
						
S. 120-149						
	Wenn also einzelne Soziologen	Metapher	Gastmahl	der Natur	B	Bruch, neuer semantischer Kontext, unersetzbar, sprachlich irregulär verknüpft
	in der hohen Kindersterblichkeit in Deutschland befriedigt das Walten der					
	natürlichen Auslese erblicken, wenn ein Autor (Otto Zacharias) in deut-					
	lichem Anklange an die 1. Auflage von Robert Malthus’ Hauptwerk den					
	Satz aufstellt, »daß die enorme Kindersterblichkeit der großen Städte die					
	Pforte sei, durch welche alle diejenigen jungen Leben, für welche kein Ge-					
	deck an dem großen Gastmahl der Natur aufgelegt ist, sich wieder entfernen					
	müssen«, so ist das eine völlige Verkennung der Tatsachen.					
						
	Unerkannt sitzt die geschlechtliche Zuchtwahl aber auch am Webstuhl	Metapher	Webstuhl	der Geschichte	C	Bruch, neuer semantischer Kontext, unersetzbar, sprachlich irregulär verknüpft
	der Geschichte.			sitzt		
						
	Ob nicht auch hier die individuelle Geschlechtsliebe	Metapher	Kompaß	individuelle Geschlechtsliebe	A	Bruch, neuer semantischer Kontext, unersetzbar, sprachlich irregulär verknüpft
	der Kompaß ist, welcher die zu einander, d. h. zur Erzeugung normal					
	gebildeter Kinder passenden Personen zusammenführt und die nicht zusammen-					
	passenden von einander fernhält?					
						
	Freilich scheint uns auch hier wie zur Erreichung so vieler anderer	Metapher	eingegrabenes	Staatsideal	A	Bruch, neuer semantischer Kontext, unersetzbar, sprachlich irregulär verknüpft
	wünschenswerter Ziele ein hohes und tief ins Herz des Volkes einge-					
	grabenes Staatsideal die Voraussetzung dafür zu sein, daß sich der ein-					
	zelne im Interesse der Gesamtheit und der zukünftigen Volksgeneration					
	Beschränkungen auferlegt.					
						
	Nur	Metapher	gepflanzt	ins Herz des Volkes	A	im Herz etwas eingepflanzt, nicht so auffällig, grenzt an Floskelhaftigkeit, aber dennoch bisschen metaphorisch - Bruch, neuer semantischer Kontext, unersetzbar, sprachlich irregulär verknüpft
	auf diese Weise wird ins Herz des Volkes selbst ein Motiv gepflanzt, das					
	gewaltig wirkend den einzelnen im Banne hält und ihm die Entsagung					
	dort leicht macht, wo sie durch kleinliche Zwangsmaßregeln überhaupt nie					
	zu erreichen sein würde.					
						
	Die Zeitungen					
	sehen alle Dinge durch das Vergrößerungsglas ihres Parteiinteresses und	Metapher	Vergrößerungsglas	ihres Parteiinteresses und des Bestrebens	A	Bruch, neuer semantischer Kontext, unersetzbar, sprachlich irregulär verknüpft
	des Bestrebens, dem Leser für ihre Mitteilungen ein möglichst großes					
	Interesse einzuflößen.					
						
	Die ohnehin schon sehr dürftige wirtschaftliche Existenz des Arbeiters	nein	an einem dünnen Faden	wirtschaftliche Existenz des Arbeiters		am dünnen Seil/Faden hängen ist eine Floskel
	hing also fortwährend an einem dünnen Faden, da außer jenen Krisen auch					
	noch die im Beginn der kapitalistischen Ära sehr häufige Erfindung und					
	und Einführung arbeitsparender Maschinen den Arbeiter ständig mit Ent-					
	lassung bedrohte.					
						
	Als Schüler der Hegelschen Philosophie hatten	nein	durchtränkten	sozialistischen Vorgänger		"floskelhaft. Kenne es in Verbindung mit dem Wort Hass ""mit Hass durchtränkt"", Bruch, neuer semantischer Kontext, unersetzbar, sprachlich irregulär verknüpft"
	sie vor der Wirklichkeit, vor dem historisch Gewordenen, einen viel höheren					
	Respekt als ihre vom Rationalismus der Aufklärungsperiode durchtränkten					
	sozialistischen Vorgänger.					
						
	»Eine Gesellschaftsformation	Metapher	im Schoß ausgebrütet	der alten Gesellschaft	C	Bruch, neuer semantischer Kontext, unersetzbar, sprachlich irregulär verknüpft
	geht nie unter«, sagt Marx1), »bevor alle Produktivkräfte entwickelt sind,					
	für die sie weit genug ist, und neue höhere Produktionsverhältnisse treten					
	nie an die Stelle, bevor die materiellen Existenzbedingungen derselben im					
	Schoß der alten Gesellschaft selbst ausgebrütet worden sind.«					
						
	Und da diese sozialen	Metapher	ganze Strecke weit mitgehen.	Marx’schen Gedankengange 	B	dem Gang mitgehen wäre nicht sehr auffällig, aber hier, eine Strecke weit mitgehen, schon - Bruch, neuer semantischer Kontext, unersetzbar, sprachlich irregulär verknüpft
	Erscheinungen das Medium sind, in dem das Individuum lebt und aus dem					
	es seine Erfahrungen saugt, so wird in letzter Linie auch das individuelle					
	Geistesleben von den Produktionsverhältnissen bestimmt.					
						
	Man kann mit dem Marx’schen Gedankengange eine ganze Strecke					
	weit mitgehen.					
						
	Es ist richtig, daß die Wirtschaftsweise eines Volkes seinem	Metapher	überspannt	Kosten	A	aufällig, aber nur gering metaphorisch, Bruch, neuer semantischer Kontext, unersetzbar, sprachlich irregulär verknüpft
	ganzen sozialen Leben ihren Stempel aufdrückt, aber einerseits ist diese Er-					
	kenntnis in der materialistischen Geschichtsauffassung auf Kosten anderer					
	Faktoren, die im gesellschaftlichen Leben mitwirken, überspannt, zum anderen					
	gibt die methodische Durchführung jener Erkenntnis zu Bedenken Anlaß.					
						
S. 150-175						
	Zwar besteht	nein	Schranken	gesellschaftlichen aufrecht erhalten		Floskel
	heut innerhalb jeder Schicht ein hoher Grad von Beweglichkeit, und viel					
	Beweglichkeit auch zwischen den Schichten, aber die gesellschaftlichen Schranken					
	werden noch aufrecht erhalten.					
						
	Die Menschheit macht mit der Realisierung der sozialistischen Forderung	Metapher	spinnt den Faden	ihres Schicksals	B	auffällig, kenne es nicht als Floskel, daher Metapher, Bruch, neuer semantischer Kontext, unersetzbar, sprachlich irregulär verknüpft
	noch lange nicht den »Sprung aus dem Reiche der Notwendigkeit in das					
	Reich der Freiheit«2); sie spinnt den Faden ihres Schicksals nicht schon					
	selbst, wenn sie für ihre leiblichen Bedürfnisse besser sorgen kann.					
						
	Sobald aber die Forderung	Metapher	mystischen Schimmers entkleidet	Forderung der Vergesellschaftung	C	Bruch, neuer semantischer Kontext, unersetzbar, sprachlich irregulär verknüpft
	der Vergesellschaftung der Produktionsmittel ihres mystischen Schimmers					
	entkleidet und als ein rechtlicher Reformvorschlag wie andere Reformvorschläge					
	angesehen werden wird, wird sie von sozialdemokratischer Seite selbst auch					
	unbefangener und nüchterner betrachtet werden.					
